Year,Afghanistan,Angola,Albania,Arab World,United Arab Emirates,Argentina,Armenia,Australia,Austria,Azerbaijan,Burundi,Belgium,Benin,Burkina Faso,Bangladesh,Bulgaria,Bahrain,"Bahamas, The",Bosnia and Herzegovina,Belarus,Belize,Bolivia,Brazil,Barbados,Brunei Darussalam,Bhutan,Botswana,Central African Republic,Canada,Central Europe and the Baltics,Switzerland,Channel Islands,Chile,China,Cote d'Ivoire,Cameroon,"Congo, Dem. Rep.","Congo, Rep.",Colombia,Comoros,Cabo Verde,Costa Rica,Caribbean small states,Cuba,Cyprus,Czech Republic,Germany,Djibouti,Denmark,Dominican Republic,Algeria,East Asia & Pacific (excluding high income),Early-demographic dividend,East Asia & Pacific,Europe & Central Asia (excluding high income),Europe & Central Asia,Ecuador,"Egypt, Arab Rep.",Euro area,Eritrea,Spain,Estonia,Ethiopia,European Union,Fragile and conflict affected situations,Finland,Fiji,France,Gabon,United Kingdom,Georgia,Ghana,Guinea,"Gambia, The",Guinea-Bissau,Equatorial Guinea,Greece,Guatemala,Guam,Guyana,High income,"Hong Kong SAR, China",Honduras,Heavily indebted poor countries (HIPC),Croatia,Haiti,Hungary,IBRD only,IDA & IBRD total,IDA total,IDA blend,Indonesia,IDA only,India,Ireland,"Iran, Islamic Rep.",Iraq,Iceland,Israel,Italy,Jamaica,Jordan,Japan,Kazakhstan,Kenya,Kyrgyz Republic,Cambodia,"Korea, Rep.",Kuwait,Latin America & Caribbean (excluding high income),Lao PDR,Lebanon,Liberia,Libya,St. Lucia,Latin America & Caribbean,Least developed countries: UN classification,Low income,Sri Lanka,Lower middle income,Low & middle income,Lesotho,Late-demographic dividend,Lithuania,Luxembourg,Latvia,"Macao SAR, China",Morocco,Moldova,Madagascar,Maldives,Middle East & North Africa,Mexico,Middle income,North Macedonia,Mali,Malta,Myanmar,Middle East & North Africa (excluding high income),Montenegro,Mongolia,Mozambique,Mauritania,Mauritius,Malawi,Malaysia,North America,Namibia,New Caledonia,Niger,Nigeria,Nicaragua,Netherlands,Norway,Nepal,New Zealand,OECD members,Oman,Other small states,Pakistan,Panama,Peru,Philippines,Papua New Guinea,Poland,Pre-demographic dividend,Puerto Rico,"Korea, Dem. People’s Rep.",Portugal,Paraguay,West Bank and Gaza,Pacific island small states,Post-demographic dividend,French Polynesia,Qatar,Romania,Russian Federation,Rwanda,South Asia,Saudi Arabia,Sudan,Senegal,Singapore,Solomon Islands,Sierra Leone,El Salvador,Somalia,Serbia,Sub-Saharan Africa (excluding high income),South Sudan,Sub-Saharan Africa,Small states,Sao Tome and Principe,Suriname,Slovak Republic,Slovenia,Sweden,Eswatini,Syrian Arab Republic,Chad,East Asia & Pacific (IDA & IBRD countries),Europe & Central Asia (IDA & IBRD countries),Togo,Thailand,Tajikistan,Turkmenistan,Latin America & the Caribbean (IDA & IBRD countries),Timor-Leste,Middle East & North Africa (IDA & IBRD countries),Tonga,South Asia (IDA & IBRD),Sub-Saharan Africa (IDA & IBRD countries),Trinidad and Tobago,Tunisia,Turkey,Tanzania,Uganda,Ukraine,Upper middle income,Uruguay,United States,Uzbekistan,St. Vincent and the Grenadines,"Venezuela, RB",Virgin Islands (U.S.),Vietnam,Vanuatu,World,Samoa,"Yemen, Rep.",South Africa,Zambia,Zimbabwe
1990,19.35320741,94.85129306,73.98190126,26.04244619,31.19520633,59.57836633,68.93061895,69.0328527,62.0605862,84.8269726,100.4648569,60.17116916,64.26490346,84.04184471,27.87830822,88.29579111,33.23118884,81.66142196,60.48347984,78.67800982,41.84095421,68.89510468,50.22286177,78.84342438,56.19733887,74.85379783,62.42774401,80.49142383,76.1779396,78.1831428,71.05197798,66.72369496,42.76102839,86.40867864,57.26982128,89.85886228,99.91494534,91.34992311,60.70872719,58.24134465,49.62485383,39.24833406,67.74706854,56.78661489,63.11553949,73.39526847,62.30705706,56.58384998,82.65637521,44,15.07563951,82.73272243,44.09681709,80.70069681,73.58176458,69.67653198,58.07487931,29.34767626,61.71692389,80.78252364,50.10361116,75.78254193,74.02945232,66.50699161,73.19205636,81.98498407,50.0250758,70.65648669,62.09621807,70.20243121,77.72982565,92.79093917,97.21795631,65.83333434,78.6992233,73.17283597,53.72467208,43.98020291,70.99902884,45.07347589,67.57737658,59.6847415,49.8930046,79.8526846,68.61671165,73.58321838,74.56766763,66.613008,66.6268127,66.69708921,60.49956241,60.75733982,69.42907884,35.72524402,51.34376395,12.05986954,10.50497053,83.7640603,64.22323907,52.7968874,81.64637968,15.66391499,64.75833857,84.14870455,90.82294962,65.62056275,92.30394914,64.1200519,47.07045873,51.72757117,96.87614201,27.41102224,85.10871934,40.80595974,60.98092094,51.54989096,70.95338793,78.18199032,57.37518721,49.47356456,66.62407744,80.24183873,80.78892602,78.7883097,49.92683752,76.48582985,61.78076562,29.68770223,92.87132623,94.45318331,26.23653045,23.53605867,39.77809287,65.83445871,63.11929308,74.50784656,37.35670963,70.55297882,22.0173884,74.66000829,80.98266942,106.1224501,40.03524923,46.95471876,96.63558701,57.72594913,74.80237793,75.72679136,85.01590873,76.52337476,82.19015389,43.2505584,61.07249332,78.46766949,89.39909738,71.92011712,65.43474969,25.81086137,66.55423562,16.54215523,48.5282925,58.60710837,61.26815134,95.59099331,76.20271055,80.85026689,50.58139598,87.70454215,66.34193235,61.13777286,17.01518213,65.5184696,69.02557574,68.20867884,47.80435686,82.18725108,77.65156733,93.0884778,35.1090518,18.35012521,30.61357863,43.84072416,59.8521535,96.49516014,97.06469978,47.68899881,32.14472492,71.71643783,81.51801635,91.79267691,81.43792834,66.79719839,47.49262306,52.16779175,81.54482611,79.34058818,87.58496684,65.65003101,26.14417856,81.08886067,82.66156475,74.29470441,81.669499,78.68542433,52.80879846,62.98981836,51.37454722,85.5612871,22.05283213,47.63231216,35.1090518,81.43792834,50.65547982,29.6537078,42.13392812,93.76726763,80.72506511,82.68633344,75.72881252,59.46405448,74.64470724,67.45019769,54.67821613,56.78137721,83.29856553,88.57698211,77.33469539,66.82609335,58.04444716,22.92949938,57.4459217,85.77401009,80.94143807
1991,19.44093139,94.7414449,77.40316849,26.17987252,32.05370051,60.75134857,69.08582378,69.54545232,62.55714417,84.86842239,100.5342275,62.17234632,64.25770137,84.00132259,28.04256758,88.45024779,33.08941326,81.82836742,61.30164483,78.76517118,42.79780016,69.2653333,50.49433305,80.37495213,56.56269318,74.82242926,63.08201004,80.45678786,77.16419572,78.0259922,70.38642969,66.50575032,43.46814789,86.31963669,57.38366735,89.72610395,99.32374847,91.72045839,60.92311663,57.98772557,50.28355586,40.89865954,68.83436181,54.66068832,63.50910353,73.21353232,66.24309126,56.48561456,83.85423972,44.01572979,15.02530163,82.54673713,44.14108995,80.55403263,73.51005485,70.24056629,58.49661162,29.32507075,63.38457993,80.08648564,50.63234525,75.47195906,73.90335947,67.65533088,73.14851632,82.08191335,50.00625212,71.97392817,61.85886329,70.58983396,78.64569327,92.94268738,96.47166438,65.03058542,78.69328459,73.25061643,51.44752577,44.21525636,70.89787099,46.02464859,68.21075784,61.00278331,49.12025124,79.73594543,67.92370892,74.40629715,74.33782633,66.46108618,66.49759647,66.68148353,60.60159492,59.85134533,69.35508895,35.80713573,52.2158237,12.28507276,10.61657249,83.13817236,64.90204014,53.55535374,82.52167433,15.8852236,65.17547264,83.96711676,91.20291971,66.95237144,92.08389023,63.52082223,47.68850569,52.07858376,96.93593461,28.0252029,85.15214316,41.42493598,61.08487753,51.91773203,70.85973246,77.94407607,53.26935413,49.48365534,66.48904139,80.5824083,80.67901301,78.25776998,52.22383534,75.94060577,62.15877322,30.02840241,92.74733902,94.42199629,28.34140567,23.72159127,40.28581711,65.69885223,63.24429147,74.51641224,37.4068575,70.56961602,22.16483675,74.32478554,80.91507308,106.7360685,40.02439845,47.42129167,96.48614501,57.63077471,75.26745523,76.12923807,85.20327662,76.45561489,82.23282334,42.81195263,62.16139626,79.94485158,89.4875688,72.75810844,66.06532642,26.10904646,66.63454591,16.39791383,49.71996256,58.81236417,61.44500353,95.82488329,76.25017609,80.7681742,50.17857242,87.32539483,68.8045838,61.31258515,17.08016531,65.81739537,69.67255823,68.54629549,48.70946793,81.78370592,77.49767509,93.45117529,35.08275213,18.01085429,31.73127206,44.01977525,60.11911852,96.52276483,96.89660968,48.07072287,31.77192142,72.12199538,81.53253455,91.50225183,81.45430627,67.14191333,47.91370417,52.11574461,81.6963098,79.29515314,87.16339168,66.04356216,26.55299836,80.87021454,82.4775948,74.20783957,81.65123049,78.37997697,52.97205943,63.56578431,51.80914568,85.33298305,22.20136476,50.6280607,35.08275213,81.45430627,53.11714023,29.76348523,42.35617096,93.74585231,80.45015979,82.33737642,75.58921509,60.07085596,75.05022404,67.90025075,55.27259169,57.7909783,83.13469877,88.56621712,77.3358834,66.85158786,57.89288987,22.84194679,58.11394441,85.77235747,81.09234722
1992,19.50848637,94.56155581,78.14061124,26.10664464,32.68486713,61.93616364,69.31279852,69.98384019,64.16143742,85.6208413,100.6385836,63.7800471,64.30893344,83.31126339,28.25889816,88.6082112,33.82234983,82.03230934,61.65473499,78.67921651,43.84757079,69.43666869,52.37633245,80.37850281,57.98918381,74.86150297,63.68834212,80.45650417,77.63764803,77.95513073,71.40716849,66.90821539,44.54052249,86.1897965,57.58513774,89.66379103,98.75385128,92.14718783,61.31343101,58.21201842,50.9766552,40.66821676,69.93350599,52.44068569,65.21200348,73.3633057,67.08771823,56.79581669,84.6132702,45.37243047,15.06352084,82.45664327,44.38858132,80.46170574,73.11937335,70.4288765,58.73816229,29.53446518,64.0641812,79.40592491,52.31327305,74.80412119,73.81639886,68.19078851,73.12792758,81.93191947,49.96863918,72.67071171,61.44350939,71.51925067,79.70546163,93.13056521,95.95376313,64.43408314,78.68296758,73.15068588,53.31325408,44.57274729,70.91151362,47.02669816,68.63226477,59.88008546,49.82026527,79.63855137,68.3325999,75.27693965,74.29706099,66.43812516,66.49046583,66.75175838,60.93100217,60.60384605,69.30827605,35.93232613,54.01054606,12.61056308,10.77993651,84.11455651,67.01578169,52.72277561,83.43157336,16.61218395,64.91182961,83.92146961,91.64703131,69.18724789,91.72696483,63.01571977,48.04586479,53.10191491,97.01818293,28.86255038,85.09937702,42.13654724,62.14139257,52.95326066,70.76453007,77.70940823,49.62827722,49.55088077,66.47121978,80.95463488,80.65534898,76.84047428,55.91255658,74.79467239,64.16306135,29.80251189,92.42190463,94.45255219,30.59662045,23.71287657,41.09975243,65.68989052,63.40774188,74.46676079,37.90190615,70.39555508,22.38723455,74.15672609,80.92298127,107.0620054,40.08141403,47.66756969,96.35082235,57.55148532,75.7595984,76.56963089,85.10849029,76.48687214,82.54942907,41.79436242,64.61825267,79.61995568,89.60925155,73.09061499,66.38972788,26.23902927,66.80944174,16.38994277,49.70599198,59.21736098,61.33556024,96.24812007,76.41414752,80.74890148,51.8506333,86.86123096,68.81978604,61.37906981,17.22350175,66.14694753,70.02423026,68.61082876,48.50171073,81.65541922,76.90470061,94.14171613,35.11967935,17.86656731,32.88661212,44.18822993,60.66237051,96.54065196,95.97081063,49.20768329,31.59677079,72.36316677,81.62221113,91.46246754,81.54522562,67.55586447,48.29338023,51.53383519,80.54817054,79.32560414,87.30000087,66.27978956,27.25956245,80.72740234,82.39269388,73.89370682,81.70449423,78.10826787,53.16048421,64.93915419,52.92070615,85.10218108,22.42477021,53.7374511,35.11967935,81.54522562,55.77566414,30.13387035,40.84683983,93.7444701,80.80639155,81.87898373,75.58909711,62.31960016,75.54841884,69.30875774,56.60962534,58.50486223,82.92075938,88.57803248,77.33877264,66.92078759,57.86174363,22.91013067,58.82764027,85.82054341,81.31180495
1993,19.53045653,94.20973724,77.08576629,26.33870495,33.42847951,63.21504741,69.60872349,70.21709924,65.13722169,86.82057933,100.778951,65.52067989,65.8746357,82.62313535,28.52116557,87.85879126,34.5783693,82.27817153,61.52739771,78.61719243,44.21441823,69.8175201,54.27386558,81.13306041,59.41778506,74.92881388,64.3238933,80.55555556,77.92952803,77.78031388,71.09004712,66.37368739,45.29958771,86.03965719,57.84817514,89.6129024,98.17777498,92.51662083,61.8173143,58.41121495,51.67567623,41.51769184,71.04140515,49.77155669,63.57823067,73.47942068,67.27815924,57.33266781,84.64632465,46.23602636,15.03158424,82.26508891,44.39343371,80.28530254,72.20883122,70.29243513,58.96649097,29.73571436,64.56440457,78.79722458,53.51211397,74.69680621,73.81587457,68.50584485,73.04304546,81.78334993,49.93721844,73.89124042,61.33516629,72.75915032,80.92730263,93.3918398,95.67198399,63.96738613,78.76364043,73.01152313,53.73541481,44.83516448,70.95601871,47.99950825,68.92521692,59.41750054,50.61394841,79.61666798,68.74630458,76.17229087,73.62619431,66.31006735,66.4182162,66.95263917,61.55912712,59.82843212,69.31036845,36.10091133,56.63222538,12.98101591,10.86215932,86.33461982,66.87132993,52.37650237,84.35084799,16.89913394,64.37691313,83.87633109,92.18112104,71.75944498,91.36009665,63.04815879,48.44227522,54.15154228,97.12449021,29.38799216,85.21092691,42.90810377,63.20524592,53.99348671,70.72275838,77.4892205,49.1248551,49.73470344,66.38890464,81.33031619,80.61568919,76.0632294,54.17888917,74.59870747,64.87204308,29.69488023,92.20582882,94.49438031,33.0093228,23.95293745,41.99579091,65.60962753,63.67007245,74.5161731,38.55553923,70.25769323,22.56470965,74.02353869,81.01866541,107.4147308,40.20969459,47.77054126,96.43127147,57.48853963,76.21934029,76.89644304,84.87477097,76.57167722,82.77260303,40.79700826,65.35263583,80.38298309,89.74556948,73.01739462,66.48039989,26.32680631,66.92454648,17.0902081,49.82140602,59.74077338,61.59093445,96.92909413,76.468035,80.74848174,54.60003398,86.38772985,70.4819256,61.72030844,17.21854333,66.508641,70.26478229,68.61146766,48.58606256,81.66732131,76.2688813,95.04593323,35.32973256,18.3440944,34.10229453,44.42201508,61.80230415,96.57468504,96.05604323,51.70919371,31.39549952,72.39702554,81.76901143,91.59023146,81.69304063,67.93079443,48.71086611,49.77231676,78.94435093,79.4812738,86.96796357,66.55808754,27.54867579,80.53064588,82.20528587,73.15140627,81.5635538,77.84409896,53.39213031,65.23640541,54.03780657,84.90863231,22.60408188,56.97659236,35.32973256,81.69304063,58.66793175,30.23162296,34.15511212,93.76382216,81.15325409,81.33312276,75.43789734,62.2163265,76.02795381,69.96058179,57.63975345,58.60242154,82.37891508,88.56969055,77.37049911,66.91061113,57.88374322,22.82800846,59.68741396,85.93895595,81.63467808
1994,19.53452905,94.21785423,76.25937192,26.82115294,33.70798734,64.22116038,69.94873282,71.3879087,68.29962724,87.80028164,100.9566154,65.82840095,67.50857108,81.90698625,28.81818251,86.96160071,35.35330483,82.56279322,61.25502616,78.61793375,43.8484251,70.2163832,56.21933724,81.86089233,60.90774132,75.01556714,65.08875891,80.70977424,77.95285938,77.67285718,70.67574583,66.13404928,45.94210455,85.88456717,58.16522495,89.69986624,97.94643629,92.74889859,62.4061957,58.5197609,52.42483016,42.90767316,71.5118478,49.56903114,66.13523573,73.71668881,68.29268386,57.8694895,81.12917074,46.45962922,15.05072538,82.14911865,44.91110933,80.23011464,72.41115891,70.72482573,59.40024552,30.42825908,65.51090485,78.29773271,55.79643359,74.71264568,73.82699547,69.12670797,73.02523032,81.84670332,49.9055287,74.57840682,61.34020669,73.14527432,82.29885049,93.64177004,95.52216595,64.49795502,78.94992714,73.02754901,54.37885073,45.17848875,71.07086861,47.53555863,69.70830244,60.51335322,50.46088113,79.64569186,69.15021507,77.11886757,72.33682655,66.39528728,66.51372231,67.09306759,61.87690244,60.7125587,69.37584174,36.32914479,57.81641003,13.39588222,10.89367282,87.14985143,68.86676495,53.17799835,85.30897317,17.22634136,64.4156841,83.94012005,92.74556091,75.33069036,91.21669774,63.49227092,48.80751879,55.28550673,97.27592679,29.77745774,85.37598145,43.67679445,64.25899714,55.10288672,70.75057115,77.35913668,50.14315541,49.95368008,66.47587349,81.77575277,80.61511015,75.66365662,56.04101437,74.47230829,66.92612293,30.33273173,91.99339941,94.51439152,35.59800677,24.47156499,42.94471239,65.70629108,63.61338108,74.62798474,38.891191,70.10238665,23.02286419,73.92643032,81.15478512,107.6456085,40.31884507,47.9036004,96.32149374,57.42346885,77.64703304,77.31715053,84.66435733,76.69924129,83.10474854,40.07714106,66.72859484,80.61002357,89.87439155,74.07760668,67.3929346,26.43128546,67.33145355,17.47211872,51.15474564,60.35862093,61.52557612,97.1252342,77.12852744,80.83453346,54.7751917,85.97239377,71.47598133,62.13876197,17.14531833,66.82591722,71.04105361,68.63415998,48.31508548,81.82057386,75.76648285,95.69892773,35.56530417,18.80276254,35.35246571,44.72688242,62.60110852,96.58874868,96.1438824,53.48725058,31.27999047,72.34685176,81.99069834,91.64835267,81.91546464,68.34558125,49.22892605,49.75064089,74.27085914,79.62048882,86.24392803,67.10341608,27.97763831,80.48111304,82.09390269,73.38991334,82.28891335,77.60479407,53.65149385,66.96716989,55.18428257,84.77690428,23.06664788,60.34528126,35.56530417,81.91546464,58.75849313,30.43069996,39.69592568,93.81363,81.51401045,80.99650344,75.5402892,63.1482206,77.61314735,70.85025617,57.89538784,58.41733903,82.38055973,88.57873886,77.32907134,67.13455365,57.79737244,22.99304921,60.67575269,86.03078002,82.00265768
1995,19.61484428,94.40079142,75.07047895,26.95451568,33.94834045,64.13130479,70.30774216,72.53311356,69.41126505,88.05361348,101.161456,66.37690735,69.20766563,81.19153807,29.1647701,85.92905114,36.11174593,82.95288877,60.70963553,78.76782534,43.88030216,70.61323935,58.19551158,82.26453944,62.44579618,75.10966239,66.05616501,80.94707392,78.55068615,77.22762709,70.52951259,66.53032039,46.93112803,85.74465577,58.53570464,89.8563919,97.95974857,93.1524368,62.99118768,58.98876236,53.23943712,43.63767785,70.90837557,49.55675001,65.05891663,73.32397832,68.90393193,58.16132657,79.32922429,47.12844576,15.18661603,82.05379509,45.09423781,80.17285944,72.37055928,70.96536084,59.64569408,29.03404224,66.32006675,77.84134721,57.22751027,74.8918335,74.78318914,69.55483603,73.12914994,83.83096317,49.8675753,75.47498145,61.52653088,73.42023002,81.63685417,93.89075707,95.54710641,65.02115301,79.28466602,73.27735609,55.34082191,45.7292238,71.16392105,47.08348999,70.03234257,61.74207454,51.21704063,79.90385878,69.53361225,78.10770926,68.39003011,66.4268872,66.55891748,67.19798065,61.68681417,60.57136036,69.58881453,36.37984411,58.76360377,13.84472621,11.0110886,86.7153302,70.27545282,53.94504249,83.88939864,17.66830299,64.24810198,84.10009935,93.31646354,76.58119572,91.28635305,64.17375419,48.46071769,56.75091664,97.40496487,30.1069143,85.42989655,44.42372726,65.2934317,56.53687108,70.95365115,77.49300457,48.45938541,49.9404526,66.52067624,82.23398915,80.64651866,75.6666241,53.32526727,74.37064817,66.37824949,30.06260597,91.9500777,94.54627408,38.36306681,24.65634543,45.22836833,65.735416,63.52923564,74.79023464,39.15763014,69.93732072,22.85615629,73.87263218,81.32520662,107.8088058,40.52905711,48.16411827,96.28135067,57.38207524,77.96890253,77.25239902,84.60797923,76.84175671,83.55542026,39.60187247,67.63402922,82.48449024,90.0044083,74.6074729,67.8473799,26.53061053,67.57586053,15.03244418,52.35473913,64.241722,61.58010186,96.80200851,76.71766664,81.01379391,55.02408499,85.60410785,71.7866458,61.87696913,17.29550663,66.96068346,71.40558049,68.54300251,47.95086163,82.17466029,75.72801995,97.03183956,35.43772182,19.26961911,36.63261192,45.20660125,63.33711772,96.58180869,96.05903819,51.79622597,30.86483792,72.19398757,82.38035245,91.36374785,82.30612106,68.36731635,49.86562957,49.40610368,74.73912999,79.70565195,86.26277395,68.11800082,28.29291995,80.43614087,82.00251533,73.34072417,82.8813265,79.45964823,53.93774212,67.91823132,56.65920002,84.74465617,22.8983757,60.42730762,35.43772182,82.30612106,59.15140302,30.85837475,39.69790907,93.90446659,81.85228402,81.10709303,75.66645245,64.28198027,77.90494577,71.33507711,59.40495473,58.92204856,82.33020069,88.58224625,77.36210468,67.23094686,57.73985664,24.3331976,61.820787,86.15492583,82.31625352
1996,19.40089338,94.50480637,73.99431087,26.96859096,34.60021807,65.04075502,70.73583961,73.02060609,69.35437915,88.08132232,101.2298382,66.7270294,70.96623937,80.42676365,29.47152096,84.84796275,36.95627428,83.2117617,60.30547149,79.08835114,44.19571996,70.95873803,58.196721,85.8557484,63.83984248,75.82556418,66.78956385,80.9169833,78.86619058,76.63265151,72.19617105,67.66662082,47.80191747,85.61627214,58.62403459,89.97259134,97.66089627,93.47671003,63.30909643,59.35447292,54.04434442,42.99366951,70.84334968,50.50916831,65.58992577,72.67107286,69.41381518,58.63121714,79.90667133,47.85054052,15.31612888,81.98967551,45.25814709,80.16671102,72.25190572,71.15106797,59.85597551,28.13064716,66.96235241,78.27097847,57.94552458,75.85034341,75.69791434,69.83496065,73.08996907,85.33729036,49.86072347,75.70034275,61.74693642,74.33086656,79.89824821,94.05517887,95.22438181,65.51187929,79.31709495,74.11264088,57.28839203,45.89535026,71.24327013,46.54851932,70.43424959,62.57078642,51.30023501,80.077575,70.05053087,78.98619954,68.81291611,66.37170101,66.54369409,67.36698125,62.04307179,60.44524725,69.68580357,36.42431336,60.78348868,14.34729777,11.12703578,85.31828603,71.24338184,54.71698311,82.11826008,17.70893327,64.2261848,84.30800145,93.75167474,75.9925887,91.56469214,64.98606575,49.18621311,57.01089802,97.41211528,30.23755007,85.65126946,45.37115605,66.33689051,56.82652491,71.11128726,77.53241907,47.18050152,49.98399936,66.52044687,82.7761608,80.65430938,75.81938993,55.04767534,74.43059863,68.32902636,30.87569731,91.98568294,94.48314195,41.03547214,24.6735904,45.08580208,65.72649432,63.45549609,74.72788604,39.83286792,69.81045685,22.76288722,73.97402809,81.47698058,107.8728475,40.67959651,48.53706887,96.2071546,57.36066458,78.34482965,77.18446821,84.45631471,76.76823864,83.79938728,39.70980671,69.0670119,82.73615304,89.96913762,76.08900473,68.20557717,27.22636688,67.96218486,16.3267749,53.13267714,67.03506052,61.55535366,97.07446263,76.6151025,81.09452044,54.8318962,85.33838648,72.8321159,61.62628586,17.15145452,67.16443472,71.79635658,68.48441858,47.35222046,79.86942859,76.06000067,96.93057078,35.54220967,19.95509695,37.98294852,45.36998754,64.15974057,96.55213624,96.08470488,51.02664404,30.33911453,72.03812796,82.65262224,91.16171047,82.57999296,68.62800406,50.41948248,49.65434394,76.07620673,79.69259263,87.10862764,69.19143172,25.35450192,80.2039312,81.94167197,73.08359552,83.90112542,81.3136224,54.20926943,67.75619665,56.93507417,84.80612412,22.80649004,60.50271699,35.54220967,82.57999296,62.20691537,31.33297109,39.51612935,93.91352766,82.18912341,80.45716544,75.68598485,65.22425483,78.28778992,71.60623275,59.97016436,59.02567718,82.01408956,88.6319129,77.38429792,67.30553735,57.53615753,25.73822332,62.9055616,86.21738784,82.55813319
1997,19.19256284,94.63415453,74.85988344,26.82433832,35.23452996,66.19906513,71.14876287,73.30965557,69.98985327,88.0456568,101.3122469,67.76381383,72.80898776,79.62340276,29.83400105,83.62977108,37.75957479,83.39420564,60.38201621,79.5321622,45.48573113,71.34892426,58.98432717,83.59788629,65.2829695,76.69582804,67.74149105,80.98783898,79.26965123,76.84977581,72.65316439,68.35083803,49.35638705,85.502604,58.70435425,90.14890515,97.4047421,93.64672467,63.8272491,59.94334148,54.90466607,46.1087384,69.77604613,50.58858103,68.04651702,73.33048204,70.21369181,58.88123994,80.26801992,49.00728714,15.39262867,81.83357995,45.44818105,80.09211873,72.14969644,71.38094507,60.41997249,27.27018715,67.51394503,78.8000503,59.02809858,77.07711637,76.60213682,70.23809622,73.10580939,83.54430232,49.1924223,75.4427543,62.12751187,75.07486609,78.38910194,94.19387877,95.09016825,65.9909252,79.48654486,75.0297067,57.82877442,46.35368431,71.34251462,46.02364685,70.99864391,63.33465807,51.80885775,80.28214892,70.57094623,79.88649057,67.96133064,66.31846473,66.53708614,67.57032579,62.39423421,59.54446595,69.8358252,36.48535553,62.08668594,15.38253528,11.26613648,84.88300162,71.92611342,55.16515645,80.12236329,17.86589851,64.67948816,84.54382726,94.05369087,75.06010976,92.51911793,66.31285355,50.04819387,58.08903843,97.39480819,30.17474067,86.31800647,46.23619336,67.37765364,57.90804593,71.31421413,77.60977642,46.31345811,50.05868988,66.50563686,83.34756036,80.68864173,76.12554422,57.20624088,77.14285619,68.96896921,30.94164796,92.05346253,94.44132015,43.80085408,24.73768449,47.2030486,65.69804427,62.88380079,74.77173366,40.78855208,69.68553545,22.72656053,73.97950387,81.66084511,107.9935357,40.73717675,48.95820453,96.06140074,57.3370976,78.97526728,77.07412535,84.4745154,76.6922297,84.09091385,40.69053403,69.92406865,82.81401467,89.96692527,76.16664567,68.72189024,27.98734254,68.52370206,17.77458442,53.91164626,69.90682667,61.60113975,96.72722148,75.83346657,81.19060426,55.72641478,85.09123909,74.08647195,61.40697834,17.64791218,67.08182992,72.29980732,68.75887451,45.6347072,81.66986249,76.77697306,96.97761209,35.68526032,20.70862953,38.01951098,45.68206912,64.8495507,96.51770819,96.05604323,51.61250789,29.85769601,71.86435607,82.92261604,91.00834921,82.85126548,68.74716865,51.08266126,50.71697883,76.01232187,81.3157895,86.69128696,70.60448508,22.71849412,80.07205697,81.78692814,73.052576,85.05212522,82.2257348,54.49889063,69.05425361,58.04042846,84.94439139,22.76642411,60.62190587,35.68526032,82.85126548,61.84765683,31.81817922,37.58213003,93.9642794,82.52691913,79.96019563,75.67939406,66.20388935,78.94311808,71.56528713,60.84307563,59.83637853,82.33826931,88.64917636,77.39866709,67.40170174,57.19723496,27.21754742,63.99941429,86.28163191,82.71300595
1998,19.04822619,94.78762541,73.86210193,26.81606367,35.83700421,66.8180015,71.56308475,73.70080869,70.71863771,88.06236708,101.3976078,68.7355181,74.71842954,78.7899224,30.21359544,82.26566646,38.53805233,84.01174112,60.14588687,80.04239836,46.76964775,71.72145907,60.45162129,83.76942347,66.8248257,77.68141436,68.73524804,81.08142428,80.20297287,76.90665785,74.18038267,68.81216567,49.74645235,85.40007289,58.83497397,90.36781925,97.32339631,93.87203145,64.12770875,60.54680178,55.81129162,48.76273602,68.73750522,50.28297734,67.91272867,73.71876822,70.8175158,59.02600433,82.82687474,49.89277269,15.51202871,81.78542172,45.7937761,80.02505796,72.13108776,71.67166214,62.69226196,26.44372654,68.08912271,79.34795307,59.3233424,75.85463845,77.47106112,70.69811712,73.08792593,83.90296141,48.54369008,76.21389786,62.56731049,75.48331334,77.87988067,94.39397894,95.08793525,66.50078095,79.53374196,75.80210448,60.03912993,46.96403726,71.37216128,45.47951715,71.23270327,64.55882212,52.15872048,80.48703391,71.08923345,80.81942078,70.3697214,66.32171447,66.57377065,67.75037749,62.57971937,61.00469592,70.01279895,36.54676137,63.81417793,16.48143135,11.75622531,85.56612742,72.8270168,55.86519582,77.86040328,18.03870618,64.7331787,84.82644296,94.33302055,75.21401543,93.58881721,63.49227991,50.79883784,58.79022368,97.41326392,30.21379157,86.58369759,47.04684347,68.38158055,58.5902871,71.52923337,77.69911887,53.63308373,50.21475994,66.54203902,83.94895749,80.71269231,76.44698894,57.66054771,75.78033364,69.68658783,31.59055501,92.04121608,94.41077911,46.6787112,24.94247523,46.90107003,65.72217405,62.30128634,74.88110224,41.07067626,69.54878579,22.83064517,74.120734,81.86505561,107.0095742,40.88275778,49.42269191,95.90349075,57.21024959,79.21189094,76.82828357,84.28357658,76.62554352,84.43049875,41.70040545,70.45137999,83.92587601,89.98676467,76.82427027,68.91692805,28.83679341,68.78167176,18.24957953,54.16306897,69.29661356,61.64260299,96.41286348,76.29698824,81.30925064,55.51823229,84.9287691,73.93412306,61.19108365,18.23797618,67.01304624,72.49270255,68.96748248,45.06572072,81.09493705,77.17177813,97.00114328,35.91763379,21.51881541,38.06970536,46.12505438,63.77301601,96.47728466,96.37780999,55.59238855,29.36610591,71.73686413,83.17141017,90.82050813,83.10145253,68.66835913,51.80013494,51.34562957,75.31608655,80.39096977,85.95713262,72.2305007,20.33939146,80.0000019,81.74044382,73.04440664,85.7027838,80.89132938,54.7895985,68.77160157,58.74718288,85.05442653,22.86641625,60.78348868,35.91763379,83.10145253,61.51423912,32.04070248,38.23064938,94.02421712,82.85491971,79.39534742,75.72428141,67.18064424,79.10327542,71.58046543,61.77496058,59.97231548,82.791214,88.66536035,77.37911075,67.47004195,56.99499779,28.77338848,65.13585324,86.33059409,81.87167164
1999,18.94469082,94.9290812,72.63042805,27.39211727,36.41053647,66.47984797,71.97654103,74.14816055,70.87252078,88.23458596,101.6264058,70.6171211,76.71283013,77.92822773,30.60707343,80.7875669,39.31544713,84.88200226,59.5302021,80.43510761,48.05099275,72.06561261,62.13518554,83.93381302,68.39145077,78.79137532,70.56393958,81.22042185,80.6205829,77.35123932,74.67366129,69.84466239,50.13051223,85.33237763,59.00613516,90.61959453,97.25668895,93.94112551,63.99999853,61.25334597,56.77419355,49.36848169,68.48950953,50.9106805,67.76699257,74.40961734,71.81551544,59.34782821,82.63324541,50.68354546,15.69589955,81.6462041,45.95467212,79.9400237,72.93929131,72.50741699,62.10023749,27.10868012,69.10349963,79.88662304,60.07989762,76.71333885,78.3121761,71.53874552,73.12807621,85.32138521,47.91533026,76.6671958,62.72475568,76.14074775,77.49330101,94.65470069,95.24460486,67.02325099,79.79548861,76.34748642,61.78248249,47.40411893,71.3808042,44.92862609,71.78737885,65.94339935,51.8539343,80.70439,71.60883349,81.78586515,70.86873631,66.32024396,66.60663444,67.92920537,62.60760941,60.64787062,70.26158365,36.61176077,65.59111002,17.64226573,12.26613996,87.73997133,75.07537655,57.15215378,77.12152818,18.21997168,64.34218847,85.07175629,94.64092721,75.13412325,94.63201559,64.74254309,51.58912221,59.49092045,97.4431446,30.14602492,86.82238853,47.83344508,69.38235506,59.29646545,71.7553208,77.90841664,48.364423,50.21866518,66.57018451,84.61252748,80.81431496,80.58564928,61.04534546,74.02114423,71.55951583,31.86827538,92.07973545,94.37962512,49.6431109,25.75736328,46.30364146,65.72931864,61.75396039,74.98434623,41.71952312,69.29441687,23.60171693,74.01644142,82.05089507,106.3138718,41.08280196,49.88644947,95.4015809,57.16472843,79.51518349,76.6398675,84.32440199,76.51237996,84.72988947,43.1486208,72.60694308,84.41773881,90.06951311,77.32932452,69.38558162,29.66494963,69.36797298,18.55089793,54.42881848,72.08147458,61.81677288,96.3771109,76.84775755,81.44061279,60,84.83427756,74.824572,61.00614711,18.58983824,66.99581817,72.95099128,69.19213593,45.00485994,81.49951405,78.84754499,97.02414327,35.91008198,22.33766208,38.12020887,46.62937084,65.20040576,96.41844109,96.54117748,56.65177524,28.94123737,71.81563515,83.44474467,90.70304156,83.37599503,69.0194091,52.46464111,51.43331439,76.3367838,79.79034396,87.41643483,73.83240584,22.43801175,79.95283716,81.60070241,73.78273295,86.47249075,80.32178103,55.12512815,67.83319779,59.42774117,85.27081874,23.64018353,60.94323642,35.91008198,83.37599503,61.56981769,32.28182301,39.7304155,94.10587686,83.17294904,78.62979478,75.80615821,67.20653152,79.39353406,71.55818013,62.44242338,59.42375132,83.30772795,88.68433868,77.3936552,67.59423026,56.88674531,30.39543305,66.39319468,86.39671743,81.11110548
2000,18.86672666,95.10630332,71.95206251,27.58535981,36.93585231,66.41790984,72.35746524,75.5183907,71.0407883,88.29256988,101.8728799,71.00716959,78.7994607,77.00928413,30.98786684,79.1770968,40.13385335,85.25641188,59.17470158,80.9625013,49.33872044,72.4881257,63.86308814,84.12443033,69.91117335,80.00516144,72.81923301,81.38171861,81.32279436,77.81120607,74.39824613,70.25868085,50.76189314,85.29799469,59.20515251,90.87329443,97.13695556,94.22145593,64.48238818,62.3090346,57.74721812,48.01937012,68.13756708,51.71959492,68.99235788,74.52367491,72.394453,59.94595911,83.74006415,51.29408838,15.93465395,81.63255067,46.05072468,79.99219514,72.73500119,72.74720657,61.50997759,27.40046893,69.74078002,80.33592351,61.78304965,78.94658027,79.12491643,72.09304953,73.26400623,84.86633349,47.28911848,77.0220896,63.13515104,76.61613429,74.64961519,94.97781644,95.51897209,67.58768807,80.08910181,76.65562678,61.73137801,47.75839763,71.46059163,44.3886505,72.18192686,67.34582991,50.83880963,80.91810309,72.10819538,82.7576241,70.96495839,66.34785946,66.65739264,68.0704506,62.66996525,61.06925129,70.44526914,36.65622009,66.45435433,18.87151535,12.79639703,88.80057448,76.42836474,57.71241708,76.41410513,18.43899606,64.29130326,85.26221092,93.36325672,74.77429236,94.87654133,66.24168985,51.81609413,60.16257141,97.48458575,30.05997838,87.31296807,48.61673463,70.40531501,59.95421357,71.90318455,78.07394151,48.45374397,50.30517566,66.61159689,84.21445138,80.95168159,82.45297732,62.72548174,75.30045883,73.49809396,32.15767421,92.11743729,94.36966794,52.70346673,26.20607304,47.10874241,65.75272409,62.43515044,75.03440146,42.33111334,68.9368615,24.11748503,74.09362672,82.19467663,105.8645783,41.26455781,50.35505805,94.9112284,57.14102947,79.71876342,76.46308637,84.4035462,76.39365814,85.13325405,44.58193442,73.11443955,84.06095912,90.06527737,77.41362287,69.75328179,30.23587198,70.00785769,19.17889906,55.42376978,68.4066303,61.7194604,96.11716837,78.00503581,81.490503,58.4175082,84.70733319,75.60625166,60.83584268,18.18314368,67.07055092,73.35604231,69.49226504,44.69213029,81.4273656,79.07246576,97.09228972,35.99378623,21.31039011,38.19285113,47.09777222,65.82933694,96.32834482,96.77716057,56.88510577,28.64360657,71.50282766,83.71036892,90.72388826,83.64313249,69.39258795,53.02364032,52.02172628,77.09316341,80.06566576,87.70664233,75.22669058,25.03117937,79.90324175,81.58888241,73.71379737,87.13497666,80.91245867,55.4811005,67.67038656,60.09525592,85.24266553,24.16367613,61.10316701,35.99378623,83.64313249,61.03095499,32.56075223,36.20214806,94.17788795,83.49173193,78.88767533,75.8775081,67.94974654,79.54178286,71.59225654,62.89198672,59.97231548,84.14084743,88.69501443,77.38402116,67.69700582,56.98905992,28.55544604,67.75214441,86.44266853,82.47741091
2001,19.04701442,95.1655496,71.34069572,27.81777881,37.63914941,65.97841878,72.52499066,76.53909964,71.85152337,88.2477881,102.1595953,69.22183658,80.96370614,76.04769649,31.27896211,82.33638127,41.31548434,85.53474006,58.90271001,81.457353,50.6426707,73.12507877,65.65824871,84.23665166,71.15579053,81.46462449,73.87665565,81.23832292,81.86362868,78.07420502,76.26196808,71.87366019,50.01335603,84.99093877,59.42264588,91.01358631,96.9101895,94.27150126,64.87722718,63.03502055,58.76493786,52.30939764,68.2747018,52.23266806,72.27695348,74.35785656,73.42262261,60.34928808,83.97921981,51.04650845,16.21658199,81.12426721,46.11693992,79.61514538,72.93640107,73.0307345,60.91637804,28.13901311,70.08635246,81.7821786,60.32692061,79.54718956,79.87981114,72.41458095,73.20555535,85.36695521,46.71298058,76.99312751,63.7751539,77.19779723,76.92614345,94.76102245,95.32582265,68.15112514,80.34008142,77.25276278,61.24922898,47.94713148,71.35357909,43.90859637,72.56348005,68.97970447,49.91411799,81.03780862,72.60603697,83.08865393,70.81455818,66.15198225,66.50716903,68.10728281,62.49203031,58.86219801,70.56896105,36.99191741,67.0134732,20.14935485,13.34754296,86.84525276,77.09384089,58.92007442,75.93865559,17.77456753,64.77556706,85.44386195,92.00493421,74.41104607,95.72949401,67.11546212,52.23517998,61.1798576,97.47805547,29.53159421,87.1190219,49.42780502,71.44191077,60.93537895,72.03971395,78.09292575,48.3552163,50.49201497,66.46154877,83.78209493,80.80497668,81.30640859,63.21450251,77.43239436,75.01643254,32.74244061,92.21132757,94.34978312,52.82109135,26.65951613,46.56581383,65.57838022,63.17480006,74.96876305,40.5240547,68.5942728,24.59677301,74.16445481,82.29150777,105.5649276,41.36044672,50.64241326,94.38342506,57.06605256,80.03049245,77.16698789,84.4995209,76.21418282,85.15492422,46.25175256,74.19575428,84.85098945,89.97783416,78.33945427,70.09618627,30.49857283,70.45182478,19.10515728,56.40232478,73.99753701,61.8035768,95.95293814,78.28947278,81.39661559,59.79067719,84.66017543,76.11111485,60.68454846,15.86402231,66.98687228,73.80528491,69.94303861,46.12878839,81.36663412,79.05875153,97.30165598,36.25700478,21.17081023,38.25558091,47.42428048,66.56127643,96.23649901,96.51323016,57.13020653,28.21178362,71.30435315,83.83472008,90.63661126,83.7687543,69.73753025,53.38831636,52.73029842,76.9320351,78.80477537,87.48130593,75.68123565,24.74627315,79.75452382,81.07394485,73.90722897,87.23473007,79.07434706,55.69707652,67.58760591,61.08225543,85.1773097,24.65885287,61.18846302,36.25700478,83.7687543,62.1682289,32.85552075,37.4598738,94.19757319,83.81548278,79.49532056,75.60726422,70.03437868,79.82622361,71.59255531,63.55616227,60.51372763,84.74264603,88.70987507,77.4400412,67.64134097,56.98324037,26.79123295,68.81557037,86.24326416,83.79888356
2002,19.29088809,95.33064482,71.07940413,27.39088209,38.31125791,64.62276954,72.62987465,76.93696533,73.50139097,88.24660528,102.4140892,70.55296463,83.23581806,75.04557772,31.58383639,82.42715067,42.40046655,85.77410678,58.59522445,81.80582449,51.96330219,73.74423699,67.38434276,84.36661536,71.44859645,82.90990161,74.95956174,81.17837464,82.65053712,77.19336921,77.48205898,75.60375651,50.20875256,84.67446939,59.6743617,91.16620519,96.80252265,94.34899426,65.51432197,63.82145126,59.78729211,52.41815573,68.46694904,52.74789714,73.73142862,73.8436993,74.4112824,61.02624874,83.57133103,53.54863712,16.55322624,80.67066695,46.08971485,79.23267184,73.8229105,73.71014402,60.34999196,26.3378517,71.0054747,83.10209926,63.46851917,79.81205999,80.60498758,72.83853497,73.14976002,86.07327083,46.14791974,77.07006706,64.36142729,78.1494398,75.58455726,94.55386297,95.39423445,68.72386575,80.57732975,77.75922132,62.43662878,48.33840606,71.23854777,43.42188972,72.91003562,71.26278501,49.94822002,81.23683826,73.57930957,83.424383,71.58023272,66.01239493,66.40694807,68.1646978,62.45610985,56.56710842,70.66133636,37.33108296,69.16127074,21.52053113,13.92201625,87.66139167,77.7533701,59.52964402,75.54521766,18.98734053,64.64955317,85.64662103,90.56316589,74.74637913,93.3628352,67.19698178,52.32586432,62.12510059,97.48295258,29.09491928,87.03495148,50.22639649,72.57142938,61.85191661,72.12804609,78.13961605,48.276758,50.59808573,66.38794837,83.33333173,80.75916897,80.22399612,64.29980081,77.25483932,77.28897838,32.09490436,92.32341798,94.25660852,52.91773296,26.54331914,47.525365,65.484721,63.92337024,74.84112321,43.89755412,68.20668032,24.40776305,74.21874905,82.38153812,105.371952,41.49283279,50.88704494,93.86686849,57.0163053,80.34744828,77.86806921,84.57197587,76.06318517,85.48411727,48.00141523,74.57880506,86.61111196,89.9099962,78.55700618,70.61128826,30.99157404,70.88072737,19.29950776,57.38538181,75.38034356,61.83543417,95.80267765,77.52184058,81.43609386,61.19858086,84.59123231,76.36826573,60.56614248,16.29820911,66.91362466,74.28677647,70.43811677,46.98481684,78.64017586,80.51775375,97.55871734,36.54312226,21.36614193,38.3218134,47.74275966,65.75028643,96.16987083,97.3290168,57.42966957,27.99739956,71.10674208,84.07377544,90.75975729,84.00905032,70.08590301,53.70141435,53.24242332,77.03856089,79.72513799,88.06553619,76.02880724,24.54235672,79.66038225,80.61482294,74.40314047,87.46355447,79.35547393,55.92547436,67.8080332,62.00285679,85.12691686,24.46451271,61.27034528,36.54312226,84.00905032,63.33820516,33.19466317,39.23383475,94.78076741,84.12884961,79.84669571,75.49088429,69.2926067,80.08474196,71.59661056,64.76664829,59.70751487,85.15315101,88.72477071,77.49744788,67.63864343,56.90047196,25.12349982,69.98005403,86.07668514,85.05459547
2003,19.54008422,95.42582414,71.10632581,27.82729027,38.96460701,65.5946852,72.66938501,78.15418758,73.79796655,87.83110606,102.6724694,71.22830709,84.81661521,74.03384482,31.89013059,80.2821922,43.38252765,85.46840395,58.33765154,82.05051802,53.29341273,74.3580441,68.03858717,84.4718787,71.73411502,84.25280349,76.08247229,81.12010148,83.55883685,76.86197237,77.76037548,76.83492797,52.40735559,84.3569242,59.95919607,91.3205759,96.78835582,94.33508007,66.62240592,64.68386814,60.82685397,52.82057225,69.06775319,53.70260682,74.66721634,74.71095839,75.26363536,61.87268584,83.20770675,52.78034549,16.95705825,80.45753594,46.39067039,79.0893326,73.72075092,74.0037336,59.79096797,26.7230624,72.07337749,84.28279464,64.90204837,78.53497079,81.30695814,73.52359149,73.07697055,85.87269817,45.6001007,79.01941998,65.03569263,77.77296516,76.48081303,94.35720269,95.50802328,69.30535521,80.83832347,78.03179188,63.38395175,48.52666234,71.09040593,44.42169856,73.42937049,71.32342603,50.02890911,81.43976352,73.33990602,83.73260608,72.43335826,65.95963388,66.38025799,68.23307763,62.49315409,57.03559873,70.74919219,37.67346239,69.86634294,22.96877043,14.50330216,87.76433834,79.47321814,60.00000124,75.23758503,17.57495168,65.06573572,85.53292509,89.07515604,73.35672987,90.7929867,66.29745055,51.65117226,62.85541291,97.51150935,28.79286602,86.65422493,50.98464648,73.71905363,62.62428412,72.21559459,78.21515903,48.18571925,50.76141334,66.3663528,82.86185231,80.61594207,82.60084144,65.87979278,77.97315719,75.75080642,33.97460783,92.44460978,94.30940474,52.97805663,27.25442866,48.31850044,65.44469732,65.23539566,74.77298304,43.02075862,67.76985068,25.10426845,74.2918225,82.4858791,105.2580998,41.67145421,51.10199974,93.3391453,56.97000506,80.95665128,78.59078527,84.70278872,75.9457395,85.60570433,49.83919199,76.34541928,86.10561961,89.86072593,79.79852935,71.15238024,31.59663997,71.07215076,20.31137615,58.07930694,77.88834844,61.60293418,95.65152926,77.36242548,81.44222906,61.6754251,84.53330694,78.20366381,61.80786057,19.17114271,66.83093537,74.84116976,71.09584435,47.83874385,77.05985017,80.71194388,97.84072368,36.88468803,22.18476119,38.39880402,48.13704461,67.15384752,96.15607319,97.63048043,58.20577311,27.91970768,70.92209334,84.28233528,91.04727915,84.21901498,70.3634863,53.87357843,54.28397301,76.72891662,79.5785811,88.31226853,76.29413474,24.48222874,79.64755379,80.39955651,74.21113365,87.78985081,79.64591371,56.14308325,67.79729482,62.7728843,85.03365865,25.148957,61.3905768,36.88468803,84.21901498,65.70559437,33.57018551,38.03511492,95.31806142,84.44269724,79.95828318,75.43132385,70.59622638,80.65406344,71.55720778,66.12601247,59.08286798,85.36516649,88.72458244,77.49744788,67.71044209,56.84450623,23.51857093,71.15027867,85.91598585,86.25113492
2004,19.79682559,95.60536821,71.2154405,28.12393301,39.62058403,66.61807722,72.618658,77.87080061,76.10237457,88.27261135,102.9083613,73.25445811,86.36657451,72.97762176,32.19409693,80.68722628,44.30572062,85.44716238,57.96344438,82.21922728,54.62872624,74.96674307,69.10465092,84.82868852,72.06940552,85.45550655,77.26601979,81.15346601,83.98683339,76.40659106,78.14848594,77.28997019,54.7080374,84.02035932,60.26037496,91.4863775,96.80032705,94.36121344,65.49149027,65.51178232,61.87646411,51.44254603,69.94598214,54.82717183,73.9870907,74.1869291,75.56533826,62.71865617,84.03618977,51.91372071,17.39250602,79.97234374,46.5053694,78.71747769,73.17283271,74.07217671,63.6904046,27.1900829,72.76757072,85.44032564,66.60714338,80.99224161,81.98378158,73.94988687,73.13686081,86.55088147,45.07348301,78.86515495,65.62771796,78.76195881,76.80250288,94.15862722,95.81288979,69.88091563,81.12876844,78.08693012,65.24595124,48.88316945,71.14213097,45.45337577,73.72171666,71.92860478,50.1337029,81.62941022,74.31251837,84.0463617,72.69737344,65.76800197,66.23862225,68.29188831,62.53776492,55.67244333,70.82007973,38.01134181,69.8480972,24.49144481,15.10918193,87.81807472,79.54744771,61.79993697,75.40674971,17.80700534,65.42942216,85.07383573,87.52645178,72.12121109,88.01581111,67.47715999,51.24359973,63.83801286,97.54027509,28.74622005,86.66252811,51.67495894,74.83845263,63.61314863,72.30307255,78.24815418,48.08793255,50.87496486,66.22969609,82.38897021,80.41669972,80.36886298,68.95211238,76.86328279,76.97003071,34.79743291,92.50337361,94.35104142,53.03159292,27.81559886,49.7586936,65.28446249,64.46646631,74.67129585,40.64721918,67.34837565,25.65845661,74.39198826,82.66420537,104.7607587,41.85674662,51.3008786,92.80208759,56.92168458,80.88080767,79.30759228,84.84383357,75.81195555,85.79422428,51.73949645,77.14521113,86.85219069,89.85134491,79.66558645,71.32159995,31.73002596,71.31767351,21.3875592,57.90120487,78.75684299,60.75702491,95.52951842,76.28534425,81.45870285,60.98510099,84.47519052,77.97901428,66.43478172,20.14456288,66.76455902,75.18960569,71.73256451,47.65532641,76.82595482,81.05263253,98.10177614,37.22981898,23.02498114,38.50034132,48.52223985,68.19354642,96.16676593,97.05749653,56.7677267,27.91062453,70.76545134,84.48424272,91.36057898,84.42233234,70.74145214,53.90603737,55.61677715,76.5675079,80.43909326,87.93856092,76.66952764,22.81679262,79.77569675,79.90839098,73.64348498,87.81316109,79.2376083,56.7228366,67.61556641,63.7673114,84.98216499,25.6994745,61.5809376,37.22981898,84.42233234,68.03688847,33.99296411,33.45256741,95.83240736,84.76812123,79.34468817,75.18045375,69.4977085,80.51786284,71.2046752,67.0203448,61.04519044,86.07107412,88.69833027,77.47770662,67.64422246,56.85548308,22.0133836,72.28708996,85.79584889,87.39657449
2005,20.02284002,95.82329132,71.42430969,28.40625714,40.26128245,65.74344184,72.47916239,79.01952929,76.62180595,87.84931131,103.1198703,74.22091858,87.87522764,71.90739521,32.49561455,79.29812678,45.18974058,85.70900548,55.42021873,82.33283408,55.97753144,75.54643548,70.4528033,85.07423227,72.46713057,86.48720071,78.51851852,81.17603885,83.9625201,75.90148971,79.25382695,76.32231264,55.94594801,83.64386441,60.61278165,91.61297478,96.82561816,94.41230573,64.67544863,64.66209366,62.94743089,55.59840776,71.01048568,56.89167033,73.21772376,73.72930585,75.95923168,63.51988875,84.72202338,53.74131907,17.88549936,79.71757379,46.75163675,78.54905972,72.82980374,74.16120101,62.69812694,27.73212946,73.38714084,86.54559049,67.83299275,82.63824802,82.64683323,74.32018458,73.13202864,87.34958223,44.56632391,79.84632639,66.2197433,79.05531834,75.99565051,93.95900332,96.26888381,70.45884611,81.45171775,78.00477673,65.80525669,48.76362325,71.09494468,46.50950723,74.05636762,72.75028077,50.29232929,81.82723499,75.5890078,84.37499932,73.51832371,65.65800038,66.18114392,68.44073951,62.70139032,55.21717949,70.95282905,38.3520342,71.90877775,26.08987252,15.74061397,87.84235359,80.04944296,61.97737038,76.09167648,18.05000809,65.77372631,85.51880645,85.95465727,71.04744904,87.17771669,68.12533496,50.824438,64.51099289,97.56891934,29.22525571,86.60791739,52.23831575,75.945874,64.31574349,72.46068717,78.29158436,47.97605067,51.07480937,66.17740519,81.88349717,80.25533591,80.4835364,70.1933488,76.85509788,79.00689487,34.90056617,91.0450641,94.40269458,53.0580371,28.40580894,50.7369225,65.21229096,63.75075776,74.61614256,43.51167446,66.91871432,26.1911882,74.46198298,82.7756385,104.2143286,42.0781875,53.53483256,92.23517499,56.88452849,81.0486363,80.02554379,84.9971946,75.70391907,85.89644499,53.71790236,77.07104528,86.35845868,89.88221636,80.42284996,71.64564041,31.89922487,71.61003977,22.31124032,59.11724868,78.73281044,62.24636682,95.42326687,75.82104052,81.47528743,62.40894615,84.46273717,79.7720428,65.67846454,19.70519846,66.68690484,75.49913004,72.32292222,48.34966006,75.72783726,81.4142357,98.31853987,37.58919954,23.8918923,38.60465103,48.87607698,68.58686184,96.18683245,97.06735612,57.51518036,27.93134964,70.6792546,84.63990353,91.64288215,84.58238291,71.19384606,53.79703593,56.37367483,74.75940375,79.96365321,87.73866183,77.3575125,21.31039753,79.91250038,79.65005941,73.26420968,87.65670178,79.84179403,55.98334871,66.89891156,64.43917879,84.98542013,26.24014342,61.81551879,37.58919954,84.58238291,70.31783733,34.44444444,33.22874832,96.30164172,85.06994576,77.2409407,75.04268054,70.95199513,80.7095326,70.83721971,67.71054201,62.343727,86.9278228,88.68297086,77.4604748,67.65976432,56.871447,20.59201996,73.28638609,85.68436256,87.41916758
2006,19.75152189,95.87406355,71.72727296,28.84036233,41.82906784,66.42374488,72.25113614,79.67929542,77.27341813,87.04555075,103.2803583,75.04523482,89.3544115,70.78612664,32.70064481,80.61908829,46.16907638,85.90612903,55.1367466,82.52255455,56.2247508,76.12444331,70.54203966,85.33046531,73.18246964,87.20852004,79.84230466,80.95178778,84.87243033,75.76100985,79.50112244,75.67567793,56.59164258,83.25996122,60.99169047,91.6471448,96.12499873,94.5172663,64.18245435,63.8635898,63.75895187,55.87719104,71.50605317,59.12627562,74.87541771,73.79390849,77.20114389,64.70748613,85.50258757,54.81491056,18.42548375,79.35702695,46.4149148,78.28078757,73.0515966,74.60026049,63.06845003,28.37653257,74.26553776,86.43797058,69.65385959,81.02146124,82.69722646,74.9634425,72.87900466,87.56135403,46.52079813,80.31838216,66.87543308,79.39821804,74.72098648,93.74491072,96.40265843,71.00919828,81.658077,78.6634727,66.30703187,48.64928173,70.80356791,47.64280769,74.4163758,73.61720062,47.15475425,81.80572857,76.98081891,84.65480601,73.28244309,65.24245026,65.8676572,68.53165261,63.09187158,55.05019878,70.91725947,37.02086312,72.36378146,25.17016063,16.40088075,87.47400873,80.04332174,62.47324043,76.47862639,18.73039661,66.06655596,86.01222244,86.40831208,70.27375575,86.32478632,68.82217012,51.35859837,64.87924402,97.47645688,29.85342954,86.4998739,52.67375025,76.92610035,64.68056012,72.4746599,78.08479363,47.83400435,50.6323994,65.87146363,81.38936011,79.95754207,81.68486547,72.73434786,76.9868295,79.65758952,34.66014035,89.51921307,94.78736649,53.36935296,28.6043429,52.01420411,64.88506112,63.16584085,74.30332855,44.10938578,66.46479258,26.14471173,74.65900496,83.01361441,103.6308831,42.32599641,54.42987827,91.64296923,56.8706239,81.13498388,80.72077766,85.27796981,75.53822051,85.69434004,55.75243416,78.03745074,86.60422552,89.93469661,80.57659656,72.06748969,32.34571058,71.76626178,23.36171861,57.76951759,79.81237361,62.99750534,95.38333257,74.87574405,81.48438432,64.94262471,84.40180594,80.0403224,61.80786057,21.02862457,67.53015322,75.96256125,72.8332532,50.80618862,75.95303621,81.80344513,98.50204936,36.65340747,24.84024432,38.70436526,49.02695254,68.95408204,96.12483598,97.04745155,58.31860648,27.7529583,70.68078705,84.67894218,91.82054514,84.62418766,71.46952383,53.98624301,57.37376999,74.24175556,80.96469582,87.75933354,77.73741145,19.93368625,79.87256319,79.28523358,73.39284907,87.53400431,79.01768834,55.04539343,66.32316745,64.75449365,85.07087434,26.18395239,62.05113465,36.65340747,84.62418766,70.74328182,35.65088894,33.70375704,96.74770475,85.35372774,77.27852342,74.83371136,69.57783582,80.70005924,70.40543952,68.96638071,62.5,87.63347311,88.69231822,77.29480713,67.47848766,56.78177189,19.24181467,74.06534973,85.74610669,87.39514555
2007,19.4831513,95.9735734,72.10842365,29.68337343,43.17391437,65.70513163,71.98644462,80.17621444,77.55952574,86.57198723,103.4143298,75.92016855,90.780896,71.2445801,33.45514387,80.33060795,47.12656905,85.93749941,54.11805349,82.65980526,56.52174096,74.79941306,70.55627266,85.55615483,73.86915253,87.92665406,80.11730474,80.77113634,85.54649371,75.17430442,79.35585696,74.44168502,58.00454845,82.88708891,61.40912591,91.72430224,95.37986103,94.38596491,63.71435609,63.07221008,64.5607057,56.91522492,71.36226969,60.84113252,76.81179815,72.92792972,77.83266263,65.92786315,85.66601384,53.9272531,19.01597508,79.4439702,46.54415598,78.37970322,72.78819505,74.69309004,63.1799666,30.97020124,74.94712649,86.31861803,71.0283108,79.10884432,82.75516027,75.36921095,72.73795476,87.92839762,48.48292529,81.09893767,67.65987497,79.29890575,73.53997622,93.139515,96.80570999,71.54781074,81.87318221,79.2135689,66.48564857,48.53980465,70.68082925,48.82025535,74.63088729,74.66230194,47.00559655,81.73625936,73.58858056,85.11938441,72.82608745,65.05452646,65.73403197,68.59290602,63.18435426,59.61006254,70.97761559,35.73606537,74.6260826,24.32022302,17.10526441,87.36109592,79.98283304,62.53105958,76.86382863,22.49628478,66.00054493,86.46856286,86.89998464,69.88827863,85.51903324,68.77465053,51.93760687,65.06155421,97.35915674,30.54822942,86.42433717,52.98895095,77.84735418,64.89313068,72.58287768,77.95994632,47.69030872,50.20416814,65.74506648,80.87474248,79.65979068,80.81816747,73.87742002,76.55142524,82.83068809,34.28533816,87.94734525,95.10054043,53.55571494,29.19397173,52.69108198,64.74600041,64.76808785,74.07225462,47.33313343,66.05011511,26.67614614,74.78026659,83.31522591,103.0226091,42.56726321,53.53174873,91.04569029,56.88646381,81.41443425,81.41423505,85.53911379,75.43897694,85.60359945,55.97699513,79.07495025,87.65885639,89.97627378,81.11804824,72.33272847,32.58859791,71.7209097,23.79241961,58.70720288,81.44916963,63.26396198,95.38488715,74.5305691,81.51137878,64.75694484,84.33299976,80.9393075,64.26546761,23.28404675,68.36422059,76.25484993,73.31481943,52.65033132,75.30168638,81.34782763,98.64025781,35.74877693,24.20010828,38.8421766,50,69.37974857,96.06180377,97.02706692,58.125,27.60712057,72.64835596,84.69362421,92.0000008,84.63887503,71.45563369,54.1466003,58.27415979,74.53122256,80.45769362,88.15362333,78.09738418,19.0750668,79.91746764,79.37450042,73.06805468,87.32305147,79.544612,53.96518571,65.7553164,64.94040255,85.15447509,26.70332778,62.29826624,35.74877693,84.63887503,68.42791875,35.65845919,33.79149118,96.23985173,85.63578885,77.29376104,74.91994584,70.14537938,80.92790672,69.81813311,69.64241079,62.48427145,88.46432917,88.67690876,77.12752231,67.41301197,56.93745624,17.98125529,74.64611154,85.81552526,87.36126469
2008,19.27558314,96.0492879,72.48123147,29.37608337,44.4024996,65.00606027,71.60989475,80.72321789,78.45122726,87.69584388,103.5466489,76.80802009,92.18057279,71.76261019,34.25080143,78.93971391,48.07135309,85.51970091,55.74497247,82.7400034,56.87338272,75.81882691,70.34500459,85.78990068,74.51186975,88.62750483,80.4602737,80.63118696,85.41322262,74.81311218,81.51193348,75.10210547,60.66117739,82.50348726,61.86681074,90.19024952,94.61647609,94.41176782,64.02814603,62.30842243,65.35521924,58.10112628,72.08040988,61.2564637,77.98513322,72.39254775,78.11422774,67.22222434,85.19517822,56.85881935,19.67236613,79.20274731,46.18134955,78.21466145,72.15504716,74.70560421,63.38281085,28.87456388,75.65723459,86.02084634,72.93772715,79.50463306,82.82071359,75.79805965,72.55082598,87.26830582,50.45627453,81.44745009,68.05194673,79.54545729,72.45919113,92.53264674,97.22784799,72.07220583,82.11669158,79.51212408,66.66666468,48.40004782,70.61166921,50.02008757,75.04406572,75.64841332,49.58084015,81.66607776,74.74352978,85.09764782,73.1448182,64.56790961,65.37685071,68.72815392,63.2762671,60.61920058,71.14074427,34.46542601,75.50911968,21.82618615,16.92733501,87.3168384,79.9971387,63.7539378,77.27902264,21.89357879,66.34366431,86.90933291,87.39771154,69.60219825,87.1341089,68.99299435,52.65963859,65.13578156,97.21696687,31.25263658,86.34176523,53.21826228,78.68596184,65.0501114,72.7613915,77.87554304,47.53842222,49.68293651,65.38360689,80.33766313,79.28237739,80.98061375,74.11615946,78.71087991,83.46826409,34.01856644,86.30339051,95.35347165,53.58000273,28.48268035,52.85749812,64.34552826,62.9470852,73.89386398,49.50165837,65.69579429,25.58636885,74.96416201,83.61037346,102.3878803,42.839787,55.2906466,90.44171667,56.44485489,81.87343041,82.08717463,85.61383848,75.38140692,85.5528003,56.22490178,79.75680397,88.22544839,90.00566644,82.06500383,72.78173402,32.69668755,71.70702978,24.51090352,58.65396083,81.90398644,62.26415179,95.43629052,74.16798791,81.46513686,64.60694401,84.335035,81.100304,63.65239944,23.06474611,69.18814649,76.75339255,74.10727596,52.1924639,74.04077421,80.02854951,98.75571645,34.89163162,23.75915509,39.00817135,51.02345939,72.88696551,96.04421871,97.00665282,58.46404659,27.5072776,72.77100806,84.65578257,92.20525672,84.60493533,71.64690994,54.26294682,59.03185278,74.62970753,81.60219135,88.06893718,78.43511375,19.94332696,80.04759867,79.12965929,72.44333923,87.25832441,79.84238033,52.84221623,65.01805648,65.09380883,85.24878315,25.60683015,62.5738076,34.89163162,84.60493533,70.08839991,35.80555217,34.80847419,95.67350888,85.92931965,77.29013792,74.65967424,72.03124674,81.45464932,69.25653008,70.092277,62.73841015,88.89537987,88.64510197,76.94369852,67.19814173,56.84437897,16.80173649,75.01962602,85.90476626,87.34864778
2009,19.17617214,96.02942432,70.09346128,29.85143103,45.58164405,65.93051128,71.66456616,81.33720343,79.58544717,90.04100856,103.6377707,77.42629873,93.55320307,72.37682241,35.05671715,78.82314617,49.04443723,84.957168,57.26348482,82.76860971,57.24898304,76.08642972,70.99819298,86.01665819,75.0860909,89.29968933,80.88698095,80.60163604,86.23763624,75.04833149,81.96197939,77.05640081,61.84792694,82.13377014,62.36147779,88.52795522,93.8335476,94.48950707,66.83052628,61.55858654,66.16498406,59.59141716,72.03071803,61.73647389,79.85022044,72.58466352,78.89439792,68.51748486,86.07302439,53.93716919,20.37887449,78.96155485,46.04686543,78.05097322,72.35363331,75.27493005,63.19675493,30.40912025,76.64315033,85.7916886,75.47057544,80.28747644,82.90521862,76.59669102,72.41453021,89.02419632,52.42914745,81.90752441,68.43281963,80.55998627,71.49935115,91.88342767,97.54802479,72.57092432,82.32987395,79.61338426,68.5449675,48.23626702,70.49349137,51.27892773,75.67031453,76.27119,50.94429047,81.5689519,77.61392102,85.53672142,73.56025832,64.29195003,65.20213066,68.91373751,63.51463375,60.88320555,71.31999939,33.23884584,77.56454517,22.91372201,16.76812409,88.96062608,82.37426234,63.88702134,77.72194414,22.64675863,67.21288836,86.31425361,87.91756266,69.47674633,88.88001829,68.18496153,53.8912146,65.98491257,97.02620893,31.91398385,86.3109905,53.37069884,79.4547312,65.88751324,72.97163595,77.8042618,47.41030584,49.3878697,65.20252982,79.77850103,79.11164201,83.63052429,73.8156511,81.00416673,85.61679853,33.91626821,84.59716072,95.55824285,53.43137354,29.17151756,54.04223499,64.13997138,61.97635055,73.77690572,50.43978934,65.36979361,26.15653877,74.36448346,82.90083401,101.7264415,43.1420692,55.99568942,89.8545463,57.27403637,82.6192349,82.7745112,85.71428342,75.35945912,85.59479618,56.4906763,80.58750357,89.023175,90.4512253,82.6585712,73.60515013,32.77081654,71.67591562,25.87691847,58.64477423,81.98260763,63.2979425,95.54445994,74.32601683,81.42738593,64.6372153,84.24867352,82.39040852,65.77808854,22.65341504,70.05406182,77.46874372,74.86821847,51.64476994,73.666448,80.33162021,98.87151865,34.14131251,23.27410697,39.20858396,52.10903331,72.20459288,96.01252469,96.95464381,58.75535526,27.54681833,73.35100797,84.61284532,92.50818424,84.56401481,71.66015709,54.35127006,59.59752463,73.81582499,81.49672416,88.14616818,78.8558508,17.93672697,80.24861921,78.88594923,72.63733222,87.30233653,79.59960577,52.35740607,64.73611196,65.9442312,85.3105825,26.18533234,62.88960665,34.14131251,84.56401481,68.31395422,35.39822938,36.87409567,95.04751207,86.223148,77.25028091,74.58803053,72.15157051,82.18829678,68.76675642,70.11917254,63.69434965,88.11403379,88.60791494,76.80956698,67.15820493,56.47584764,15.6726159,74.74975826,86.03506553,87.35580125
2010,19.2151391,96.06947382,72.76196337,30.00400817,46.74131283,64.83234364,69.41280858,81.03971757,80.03290134,91.40024013,103.7267145,78.12140313,94.88691448,73.10234924,35.88171596,80.12432503,50.07437765,85.1593127,58.94176587,82.73184528,57.67412693,75.49951247,69.96078491,86.86101315,75.66418705,87.66216017,80.46664485,80.66435496,86.60976699,75.34039175,80.65948566,77.70540238,62.848339,81.73224392,62.87773911,86.73869999,93.00159326,94.64560059,68.26310627,60.85993796,67.0037004,59.1847383,72.69190617,61.60269253,81.61733546,72.45033371,79.40114533,69.78316491,86.16397635,57.47764898,20.52857127,78.69909051,45.84700612,77.84804806,72.04968853,75.41610659,62.00471599,29.91000677,77.32123138,85.50257258,77.05137826,82.03369719,82.97896574,77.13843493,72.17262301,87.73880088,54.43182105,82.09727238,68.89231601,80.92738192,72.53666187,91.21777952,98.16153649,73.06164331,82.53545963,79.66051841,69.86539646,48.08308406,70.43219612,52.59127653,75.91414695,75.47336011,52.49381174,81.42811258,77.20206788,84.80941696,75.27510126,63.77477536,64.84729548,69.13886767,63.78579565,61.60413334,71.53888257,32.02825012,78.84288304,22.45277647,16.61593862,89.24690144,82.22318091,64.30508242,78.1856559,22.70495527,67.56344586,86.16236112,88.44769428,68.07621767,91.8248106,68.62011439,54.75262439,65.71297586,96.81199753,32.34787718,86.39220844,53.46471769,80.15675789,65.66132855,73.20940097,77.74440776,44.99803753,48.98964362,64.83997118,79.18463275,78.67564031,84.29579581,74.6978733,82.49080803,84.91742875,33.84065712,85.3383439,95.70471703,54.12756684,29.23524341,54.02558689,63.7325692,62.34883087,73.69321223,51.09104939,65.09685406,25.8776165,74.2969697,81.66589771,101.0614968,43.47489259,58.09716616,89.28136957,57.09410501,82.72836513,83.46294486,85.99605245,75.35977084,85.64786298,56.76750365,81.70937978,88.70064239,90.95385164,82.59279528,73.9462445,32.88321373,71.91110533,27.1839786,58.86250019,83.80543644,63.83147003,95.7015431,75.11671157,81.38077878,64.69837924,84.15449347,83.41054897,64.29850564,21.24536425,70.97915528,77.76547559,75.63443763,53.42750237,72.04418521,79.49921801,98.99917759,33.37894641,24.51716911,39.4279318,53.26914049,73.84615474,96.04133265,96.93381017,60.00783559,27.7236985,72.46792554,84.56121612,92.97090446,84.51620173,72.01787612,54.42141023,60.45320593,74.90016112,81.06499897,87.43509186,79.43076884,18.11077543,80.50687232,78.62074967,72.36825434,87.4249618,79.77513826,53.33095985,64.31846621,65.71242446,85.34637199,25.91671255,63.23987602,33.37894641,84.51620173,69.25155451,35.1335796,38.81390138,94.34978312,86.54350539,76.96950411,74.27577909,72.08181382,82.26037016,68.3759513,70.05340867,63.13910527,88.49323161,87.72425878,76.74860758,66.90119736,56.41347177,14.59514439,74.29659177,86.17472895,87.38270614
2011,19.67129571,95.97621112,78.61915659,30.15045673,48.02074229,65.06138045,73.18733019,81.62333936,80.8165685,90.69457272,103.8007529,78.4481361,92.31289909,73.89138091,36.71345641,81.09222324,49.63646574,85.19926518,59.86099256,82.77785138,58.08704379,74.99999768,68.91445303,86.68786599,76.34035625,86.45862723,80.7336899,80.27403662,86.44139342,75.46561547,81.21146642,75.34671085,64.92814909,81.56918185,63.46775233,86.76399199,92.13318127,94.33384437,68.82152325,60.17860598,68.4353543,60.32991829,73.17139275,61.88235563,81.51815093,73.25133054,80.35365838,70.48414687,86.59275759,59.90099242,21.93260226,78.58862717,45.42801504,77.77766529,71.99470654,75.71355585,61.46811796,29.07238243,77.99780533,84.86102591,78.6562495,81.82621521,83.07761721,77.73867995,72.01769328,87.15065892,56.45830485,82.44957548,69.57639983,81.3405537,72.45092207,90.54514884,98.6736142,73.5099382,82.62192005,80.08304873,70.69797181,47.95335411,70.32567922,53.92387417,76.13572577,77.02821743,49.8501738,81.23909632,74.4609692,85.68825933,74.99573086,63.38167289,64.57001767,69.24895537,63.99889876,61.25359434,71.61689468,30.41365462,79.53989542,21.61308891,16.48017738,89.57775452,82.02165955,65.06393667,78.84152059,22.99198256,67.6034686,86.08111752,88.97980884,68.29743412,91.97813786,68.82865736,55.03166431,65.50278086,96.61464577,32.33447382,86.51449736,53.31126198,81.07543292,65.51825393,73.29136054,77.69810077,45.30591017,48.43320852,64.55411785,78.70310164,78.57979025,83.48004008,76.65218826,80.82087348,86.03744394,33.80990284,85.50534162,95.8296571,54.82038781,29.20118886,54.6381391,63.40890268,64.21285683,73.39092092,52.9147304,64.92165623,25.52790228,74.34564742,81.17186306,100.3552192,43.852781,57.48192715,88.70282153,58.65921893,82.58303761,84.23887123,86.06696504,75.26905639,85.51307766,57.08458633,82.58459365,89.60604531,91.54767774,83.06069706,74.20219721,33.06471009,72.1679174,27.74355606,57.31953482,83.25180858,64.29504045,95.68825708,74.95347288,81.21563287,64.72222364,84.09477505,81.6876144,66.99299219,23.16332857,71.99043731,77.98916622,76.57178626,55.61514221,73.49052212,79.56059339,99.16244059,32.29902245,25.98967229,39.6444716,54.4418056,74.97132779,96.0923761,96.88012894,59.67088783,27.78744543,71.87815618,84.55327779,93.16712772,84.50866056,72.35725661,54.50497459,61.40186923,73.91432189,81.73437715,88.23442118,80.37530948,18.25896605,80.62357731,78.5094995,72.34356385,87.54341748,81.46455728,54.37207326,63.73258548,65.55976732,85.3152669,25.54891914,63.65212029,32.29902245,84.50866056,69.14544508,34.77518634,40.16451402,93.57994274,86.83968961,75.81607101,74.15520629,72.86216089,82.11452301,67.96791187,70.24036814,63.59671936,87.41331653,87.5872211,76.77779207,66.69569058,56.54986244,12.91831085,75.84250939,86.34307612,87.4731769
2012,20.26595137,96.004042,73.35561229,30.49311992,49.36910463,65.53641326,73.55762276,81.99025901,81.53038096,90.33116355,103.8861421,78.51640729,92.4809977,74.82863884,37.57309876,81.4821145,49.74093439,85.58625132,59.51604605,82.77580288,58.49999905,72.31942184,69.64403306,86.27698682,77.06852817,95.57739412,81.88251079,79.98275445,86.89586742,75.65514126,81.93062769,75.8145752,65.54812404,81.42399449,64.07407621,86.81211547,91.25243024,94.12581137,70.24964079,59.53923869,69.90527967,65.01935405,73.96309693,62.18971626,80.74159073,73.95864395,80.52260382,71.0103727,87.4361279,60.76453545,23.44657413,78.45734044,45.11724549,77.70552309,71.7147842,75.88842116,63.02004886,29.5358659,78.63578984,84.23518445,80.06665147,81.06604169,83.16931991,78.27997791,71.54149584,88.0132154,55.62483847,82.54380528,70.13520337,81.4998539,71.80891166,89.85349013,99.26961085,73.94438343,82.66919159,80.55060049,72.00259874,52.56556451,70.27097072,55.3143789,76.30722324,77.47734543,48.86954252,81.04288667,75.42042183,86.12199004,75.59042223,63.09254222,64.32188801,69.11067483,63.43005133,61.53570874,71.65980419,28.87218049,79.71957398,20.81773716,16.37241364,90.99550125,83.49416818,66.68920112,79.47803388,22.83512996,68.06201972,85.96583375,89.51433146,67.07412329,89.42721675,69.09918834,55.4868826,66.31982236,96.40703434,32.22143612,86.69798218,53.13918772,81.9590998,66.33041171,73.3259415,77.64865142,43.23719439,47.73603396,64.30067638,78.20512411,78.52792658,84.23119618,78.1988355,81.18811275,85.12214516,33.07979732,86.82347491,95.97472029,55.57124527,29.41387909,55.77574232,63.12035194,63.81305244,73.18375062,58.12121305,64.74319739,25.51336208,76.48619815,82.48735113,99.64317301,44.27915833,57.92774719,88.13785016,59.89187452,82.2103015,85.01659637,85.89578237,74.09523502,84.61785773,57.40563864,82.89268809,89.26242076,92.3388958,83.85998533,74.5380254,33.2661529,72.87304698,27.89098645,59.58504206,82.9623639,64.16929353,95.87650051,75.17763326,80.8878389,64.74576658,84.0158778,82.70016595,71.66290608,23.82753459,71.96244993,78.14745912,77.46146364,57.47564313,72.74013522,79.36305518,99.31434658,31.22310456,26.45420317,39.99431669,55.67943032,75.80174889,96.11118264,96.82566079,60.55606064,28.03010095,71.97260885,84.34494604,93.43828638,84.30174049,73.03805566,54.51693284,61.85872426,74.39506926,82.53867801,88.78977003,81.45730049,18.4825703,80.83058678,78.37734923,72.09897964,87.77251508,80.57616269,55.46661651,63.29113978,66.38525548,85.25659157,25.52871926,64.14552727,31.22310456,84.30174049,70.74337284,35.55210518,41.36695868,92.7137306,87.16065454,74.29687381,74.14334091,73.37893175,81.64175231,67.47663536,70.69162972,64.12084933,85.07572238,88.27636896,76.84304435,66.5183488,56.278902,11.43234522,75.62706763,86.5465387,87.43656296
2013,21.62754741,96.0313457,70.52682466,30.87477353,50.75323474,65.18014499,73.96493109,82.23776117,81.93277157,90.22954756,103.9578193,79.70189396,92.75125538,75.90049443,38.44455525,81.45350334,49.90802273,85.28403942,60.09341092,82.73564338,58.93998541,73.50769489,69.64473724,87.81476988,77.83776626,80.84171671,83.48375714,79.63031106,87.18057095,75.52866529,82.68556237,76.1437887,66.30915875,81.31754988,64.73562638,86.90271737,91.26344302,94.03440213,70.69386575,58.94381319,71.43885677,64.82274612,74.77550405,62.42577027,81.31503315,74.82025024,81.35135367,71.43264365,88.24521353,61.18394843,24.04846824,78.26736548,45.06776506,77.61419402,71.51325919,76.09403405,62.2418101,30.62434215,79.25536103,83.55560738,80.81039333,81.00117155,83.26150818,78.74758903,71.25395716,88.41987799,54.87113746,83.18396631,70.61829285,82.13816369,70.62484972,89.12984065,99.84037943,74.18261826,82.77693168,80.82416073,72.12953699,48.65350095,70.23669181,56.70584984,76.64026329,78.3031241,52.77842301,81.03450387,76.96044601,86.81488125,74.64273503,62.90781013,64.17753736,69.06109163,62.94578415,61.01572714,71.78638352,28.52095027,80.27397173,20.08090057,17.33497012,90.82592901,83.52011831,67.33892096,80.4479537,21.69693085,69.20254035,85.79665044,90.03118592,64.35669333,86.50017745,69.3655185,56.19279501,66.39837358,96.21221103,32.00395906,86.98833399,52.94849939,82.82224849,66.43314666,73.41845582,77.73140677,46.43044946,47.69643892,64.15406515,77.69774929,78.39905859,82.70185879,77.98291104,81.25093941,86.61695051,33.10010829,86.03351955,95.14713759,56.40544915,29.62382174,56.08926103,62.93261561,65.94827547,73.0806456,60.40418657,64.56161809,25.69414863,75.98800188,81.12067637,98.88710091,44.18936022,60.31832249,87.61905121,63.06883658,82.23389476,89.9551128,85.64861142,73.08443044,83.85912503,57.75133748,82.89436228,89.94739798,93.29752697,84.4383976,74.91910931,33.56292175,73.40430763,28.0741015,61.27275441,82.83467757,64.46706986,96.02932043,74.93066244,80.66800471,64.78819326,83.93099952,83.29741591,70.31717278,23.1034491,72.03484093,78.60207033,77.39391362,59.18345659,72.3313911,78.73182025,99.47855555,31.12798882,25.91792638,40.38846336,56.9778976,76.44291669,96.12104237,96.8035031,62.1036172,28.37491636,72.62827919,84.31390921,93.79896651,84.27454173,73.59946653,54.52881984,62.29508138,75.13974597,81.75643216,89.01375604,82.43530633,18.75767887,81.08725699,78.18557792,71.89751718,88.06961895,78.55346008,56.65623215,62.90591641,66.48428677,85.18159313,25.71811059,64.72874692,31.12798882,84.27454173,71.18806469,35.74583171,42.76577585,91.77136755,87.52631137,75.26797995,73.94380581,72.47561178,81.62703257,66.9866689,71.22063202,64.40062041,84.28044055,88.41544653,76.93577247,66.45191262,56.16147233,10.13852056,77.07853989,86.76725591,87.34675567
2014,23.07792265,96.09453506,68.29460846,31.08085002,52.13521175,64.71553326,73.76414267,82.6674125,82.54160761,90.57928264,104.0443554,80.85213449,93.02356889,77.13301356,39.34041594,80.94207654,50.10337716,85.41717827,62.45921212,82.69529617,59.64298891,74.37026241,69.89148105,89.65869809,78.60831573,76.7017939,83.59979162,79.52707851,86.73946673,75.47390407,83.68860831,76.33928805,67.22609753,81.21369142,65.44042112,87.0236443,91.3687408,94.08333037,70.63201566,58.38312887,72.99565809,64.05092693,74.88146172,62.35293817,84.12628673,74.57205905,81.73337412,71.87008153,87.07015277,61.90602061,22.75493439,78.1990968,45.05803682,77.61298123,71.08837108,76.11311314,60.6432197,31.15903502,79.62368893,83.25618893,81.09399049,79.2307677,83.74429439,79.01270284,71.14625268,88.9601035,54.16666999,83.65970013,70.93612593,82.72129068,71.58064262,88.39801833,100.4494424,74.33784747,82.8636446,80.94249587,73.30129173,48.37104616,70.16139859,58.08992243,76.95461328,78.9112702,55.93002809,81.13842947,78.52280583,87.24354081,74.68946279,62.70263366,64.08659631,69.32485144,63.07754168,61.07762624,72.10845169,28.19730393,79.77495597,19.3876055,18.37808632,89.74997148,84.91081938,68.05602926,79.9634696,21.77381513,69.86301783,85.33853947,90.54874114,67.15980302,85.97035591,70.06811885,56.80875535,66.17311582,96.0180312,31.76950996,87.23880356,52.71714068,83.64650069,66.26111639,73.67835218,77.95272638,45.72110631,47.73486793,64.05658707,78.13483914,78.33791048,82.91935115,78.65355957,80.00600656,85.85610938,32.41181961,85.69189563,94.21385955,57.37984751,29.71694578,54.98546674,62.78495037,64.5882326,73.06528043,62.16497576,64.39048866,25.53495648,76.85515162,80.79341131,98.09772625,44.13815127,60.43613413,87.99806701,64.58386923,82.41830219,88.34384414,85.37183961,72.31370485,83.35294884,58.11003136,82.1398176,90.11456643,94.36006017,84.75946948,75.07251706,33.91564131,73.53463945,28.70382031,61.96971366,82.27923098,65.01247427,96.73418397,75.0153219,80.57674222,64.83001193,83.82887023,83.44195906,67.62894197,24.1761517,72.15950385,78.92730251,77.35699449,60.66786591,72.03059427,78.40844813,99.66718318,31.0616754,26.30382533,40.81837715,58.37126645,77.68354295,96.12104237,96.7972725,61.00977744,28.74340581,73.28721855,84.322108,94.23846426,84.2834565,73.72327758,54.58949473,62.32833565,75.0771063,82.68015282,89.33589851,83.04934467,19.0599448,81.38467625,78.11757106,71.54289352,88.47984436,78.25477746,57.95560407,62.54847889,66.30752691,85.11169753,25.54792457,65.4137824,31.0616754,84.2834565,71.48901797,36.40922699,42.46979406,90.72726857,87.97568917,74.45093735,73.74123741,73.84250276,81.88850461,66.53795238,71.60414783,64.14580764,84.2699948,88.63223939,76.99822236,66.42494153,56.04376435,8.981947332,77.2400291,87.06436728,87.31334558
2015,24.61942386,96.15724827,71.07208979,31.35289933,53.44955028,65.75380153,73.26524097,83.08534588,82.64889026,91.03086805,103.7872869,81.1971609,93.26149915,77.32519126,40.26620124,80.87795125,50.34482671,85.49944923,62.28522255,82.6264596,60.48780795,68.29757778,70.80844133,88.55006379,79.36507738,80.26171031,83.60803147,79.52339387,86.28757994,75.27698095,84.07437416,76.65375247,67.05945585,81.05481498,66.17100372,87.18577046,91.48936669,94.10538323,71.2909916,58.80597231,74.5594905,64.0571236,74.7092018,62.69081051,85.83716566,75.34065666,82.20877671,72.38109151,86.16859406,63.58626345,23.78554542,78.09179149,45.25979026,77.58926269,70.94389397,76.12257874,64.34653854,30.61085613,79.84738007,82.60619771,81.29830132,80.53798099,84.22563969,79.11866407,71.12363818,89.14928025,52.03790197,83.71249408,71.19182723,83.00145841,72.9856682,87.64835651,101.0492295,74.61697639,83.01719778,81.01135085,74.80814344,45.69691694,69.99737495,59.46728538,77.07220235,79.20315691,56.65376853,81.26317882,78.67162528,87.3921496,74.57012291,62.60993417,64.08833269,69.5787913,63.03892276,61.47401735,72.50781845,27.91085052,79.31778634,21.21429614,19.0895551,90.30265748,84.86548679,67.3024517,80.18736181,21.92337809,70.44940216,84.87602011,91.0443891,66.05322414,85.45956592,71.54382833,57.3116181,66.59769174,95.85991534,31.58928345,87.55616465,52.49190208,84.44042215,66.66854609,74.06949141,78.20006455,47.13174313,47.75181983,64.06565111,78.61842105,78.24635689,83.93599174,82.18505889,80.05334584,86.32533656,31.75106919,87.32543784,93.193477,54.67232816,30.19898541,55.53867593,62.74814406,64.34589475,75.45891509,62.9756744,64.23086696,25.81525776,78.42840379,80.00000114,97.26079438,44.10272493,62.23099941,88.37124721,64.99678072,82.13437845,86.16207517,85.03982422,72.39169339,82.92310066,58.8004752,83.04794412,89.624436,95.45131313,84.76061656,75.26140077,34.31872117,73.97686547,29.51874313,64.04394909,81.01763507,65.46179179,97.24368404,74.84266643,80.67849369,64.87133406,83.6829584,83.76188489,67.4626144,25.46979006,71.62196528,79.09379997,77.46771255,61.91176525,70.15990694,77.89163861,99.89281414,31.09498437,27.93562869,41.27075801,59.83790267,78.84324498,96.09767907,96.15773715,59.98937378,29.06330691,73.20748391,84.45699227,94.7460151,84.42158721,73.9981858,54.74250744,61.80177889,76.67354797,82.65014552,90.11135858,83.42806724,19.30444222,81.71230992,78.01043087,71.31935334,88.9915568,78.38950386,59.36435641,62.30822776,66.71744361,85.081881,25.81876303,66.10596927,31.09498437,84.42158721,69.54266024,37.18281529,43.90618731,90.81087023,88.46408837,74.5911946,73.73131076,74.15192635,81.6254892,66.11207239,71.97738551,63.78147299,84.41947337,87.95761092,77.05934767,66.44499484,56.070797,8.778069146,77.69956967,87.44088026,87.31493414
2016,26.28510767,96.18349962,73.8849637,31.83486001,54.7195887,66.822177,71.07450518,83.87506597,82.95883026,90.33275737,103.6023254,81.02103324,93.47351322,77.5149526,41.18752388,80.14434128,50.55664022,85.60773194,60.73745428,82.70476003,62.13930116,72.45989201,71.18621491,88.90473148,80.17918087,80.53534578,83.98553341,79.83950391,86.76638532,75.13131729,84.52029437,77.20401694,67.87013174,80.87986191,66.98868086,87.34658227,91.45939897,94.13073556,71.26577553,59.20590627,76.1806958,60.61056284,76.10446421,62.37074305,85.01118181,75.87061311,82.66847814,72.59504331,87.76165211,64.58600559,24.82636278,77.98425847,45.45923776,77.55557384,70.80528886,76.24954133,68.54471718,31.35418291,80.27148114,82.82490465,81.85069762,79.90661198,84.63048754,79.41374757,70.9523469,88.38668551,49.97411279,84.09467546,70.73614191,83.35772983,71.04027461,87.89386116,102.1037197,74.67274901,83.09092855,81.34007129,75.23809512,47.83838014,69.82225268,60.8568494,77.40508635,79.36787326,56.88290317,81.60100078,78.09474075,87.50174093,74.26447464,62.53088678,64.08157945,69.7433236,62.63566774,62.2333897,72.91282137,27.64364195,80.39526801,23.52775091,19.8637597,88.88618812,85.68335712,67.98646589,81.94136971,22.07122908,71.33389941,84.06269877,91.54336128,64.08319658,86.2908721,71.83098694,57.17396077,67.07603209,95.86983356,31.72133491,88.58054669,52.37582964,85.198561,67.16168092,74.4407722,78.48246014,46.99095546,47.71879222,64.0592707,78.93557539,78.14554581,84.17797708,82.05007677,81.78985286,87.02119198,31.10148129,87.08342338,93.36317806,52.37166156,30.98898507,55.77142625,62.68772995,62.49999578,73.09345479,64.95368682,62.90973489,26.5741082,76.3765281,79.6161958,97.47804946,44.10411309,61.32036591,88.81008405,65.53599214,82.2453461,84.14726692,84.84672377,72.42690643,82.64903172,59.43856477,83.43399438,89.71260177,96.21022504,85.21727961,75.581057,34.85242518,73.65386083,28.465804,64.31889336,82.04819093,64.29701951,97.3816507,74.40476572,80.84533798,65.44870021,83.6681429,83.35409181,66.97203911,24.64768358,71.11798966,79.41822063,77.58510058,61.33629082,69.8335443,77.86334645,100.1432606,30.94633107,29.3299636,41.69811162,60.06908094,79.27710784,96.0738484,96.7829301,60.69402223,29.34074715,74.69295479,84.61028885,95.10555432,84.57437584,73.99199938,55.01583834,60.9052854,77.35488175,84.63664899,90.07860211,84.53058232,19.56020117,81.89389941,77.90123441,71.14094561,89.52000122,78.27617273,60.89546498,62.09421349,67.22355313,85.08747797,26.59372916,66.80390807,30.94633107,84.57437584,71.41263386,36.84741936,45.05342217,90.93290921,89.04164537,74.34604631,73.72692948,75.24885846,81.69219184,65.79717731,72.47906977,62.09447183,84.68496142,88.24599448,77.1645558,66.49816224,56.34962933,8.679954382,77.56696521,87.8295664,87.28861199
2017,28.05726507,96.28177254,71.62426857,31.54786717,56.20586272,67.88119985,71.39159435,84.4491502,82.91873735,90.35112966,103.4624723,81.01843833,93.73718806,77.73635453,44.03782448,80.32707571,50.89387894,85.59726293,62.13222964,82.03332702,61.26271112,74.68082591,72.66138483,89.11018457,80.98874874,80.60945809,84.44386817,80.2309718,87.17034953,75.25562275,84.25726479,77.74101412,68.78285092,80.64347448,70.20298048,87.536874,91.56788805,94.26024633,71.29310538,59.7043801,77.82872128,60.75189761,76.59534368,62.22789428,84.99331451,76.42524375,82.97873014,72.9702361,87.63531446,65.02697235,25.92264544,77.79940944,45.65207475,77.469624,70.6570801,76.33353868,69.10757539,30.76272325,80.44237013,82.79829255,81.66198301,79.96362187,85.0609373,79.56713038,70.38974557,88.1778922,50.02599488,83.95225405,70.30917519,84.21826757,72.63305757,88.28666366,103.1121347,74.82353098,83.21944436,81.66741312,74.62064214,45.97568207,69.61508166,62.24715452,77.8412097,79.80896244,55.03920534,81.97738761,77.76446718,87.56914007,73.88973621,62.44386823,64.07775612,69.90399924,61.89113282,63.45283064,73.47142798,27.40528565,81.06929791,25.03148046,15.26386942,89.31702928,85.55122073,68.68141249,82.85087103,22.28991129,72.45559594,83.17978148,92.35217951,61.22937495,88.02143291,72.45051153,57.28143923,67.61358092,95.86725675,31.8621254,88.93412103,52.28597986,85.91640264,67.70266553,74.96779662,78.75749463,48.39349438,47.66576441,64.04970061,79.15952741,78.10458538,84.02757511,84.94165955,81.18318624,85.59422062,30.46930405,85.87978342,93.54657677,51.85633064,30.93038654,55.4143344,62.6245451,63.04604468,70.82465238,66.4675161,61.63029189,26.38501899,75.40150439,79.9041653,97.73327922,44.12138714,61.5678791,89.25498124,66.09597937,82.78177437,85.87395416,84.60867276,72.47946416,80.50041319,60.05243379,83.91851264,90.08820283,96.7992354,85.31856271,75.94943076,38.28657154,73.7770816,27.44568587,64.51898889,82.157192,61.34521557,97.50156957,74.08643347,80.69383951,65.94496431,83.51274442,83.66841233,67.22519153,24.90000044,71.39676223,79.87563935,77.85332653,60.78389845,70.93436341,77.76524965,100.3228558,31.09523629,28.68769029,42.15900559,60.39140616,78.67814225,96.0607801,97.36528471,59.80224327,29.59446453,75.54557455,84.64680831,95.46864391,84.61192551,74.18922341,55.35334597,61.2216376,77.97961889,84.73668122,90.13002323,85.1615183,19.66459221,82.13689075,77.71548333,71.02917436,90.09805507,77.92839756,59.80563654,61.90213028,67.77563402,85.11049397,26.40049526,67.43657023,31.09523629,84.61192551,71.03458135,36.60262736,46.19729668,91.05329615,89.67507775,74.27490535,73.73427823,75.43407446,82.24298618,65.58510864,72.91720434,60.89902499,84.55837496,88.15980755,77.23989093,66.56347874,56.26121217,8.594757499,78.55784611,88.29733831,87.41313248
2018,28.62503327,96.39148394,74.49190088,30.53995021,56.08528019,69.79810658,66.07909568,84.99436978,82.53373577,90.70960326,103.378732,82.54452793,94.05398484,77.98985816,44.3667158,79.49089801,51.43151627,85.71778448,60.94715374,80.63219473,61.67286535,78.62282895,73.18255453,89.17673588,78.99500271,80.54649533,85.00130984,80.67500114,87.55204337,75.21196536,85.02702455,78.04288637,69.87544027,80.35761359,70.72121827,87.78173975,91.81339522,94.56020239,70.75553268,60.26454622,78.60740944,62.80224532,76.52839934,62.14833852,84.29715608,77.01800429,82.85328009,73.50465024,87.19077447,65.43923576,25.49048599,77.77168644,45.89961112,77.53397766,70.66768559,76.42600524,67.94429564,25.9181395,80.5519675,82.96005349,81.49482697,80.4655771,85.46938882,79.66282954,70.20177554,88.44811373,50.01955847,84.35476115,69.95137652,84.4878195,75.62559126,88.66953776,103.9482434,75.06256654,83.36922386,81.80730596,73.72529491,46.46663665,69.36164648,63.65940975,78.15330609,79.89089955,60.30454702,82.4352045,78.78158778,87.72413583,73.72185007,62.36212711,64.06657667,70.01327251,61.22147973,64.66422234,73.93204044,27.19274959,81.62523736,24.66249087,15.35459591,89.34992915,86.97552636,68.91664075,82.31715665,22.55392374,73.73201157,83.09822023,93.19683799,59.47975264,87.88051834,73.00041093,57.03855568,68.18060283,95.86518541,31.99217523,89.31316346,52.19123546,86.4607157,68.29167314,75.38642489,79.07007428,45.23713292,47.63449057,64.03254182,79.4303858,77.9652139,83.64789118,85.99497014,81.40345386,84.92541623,30.64126074,84.28672542,93.71062499,50.64577503,29.94537356,56.13387577,62.54603398,63.69021042,71.04939991,69.06880211,62.77212581,24.99734286,73.83832179,75.61822091,98.0273076,44.39853869,62.42710522,89.69224621,66.3266636,82.93683919,88.15957221,84.39365142,72.56679724,78.55519576,59.37611532,84.0945049,89.7002094,97.21424934,85.97747564,76.25717852,43.1804491,73.91881884,26.47994013,66.77084795,82.7273789,62.76785012,97.28203428,74.33130331,80.61544834,66.57119518,83.31636762,84.50093505,69.71056971,25.25325781,71.60552884,80.17434154,78.09694486,60.25830904,70.30889844,78.09981487,100.5512363,30.88987482,28.12299796,42.62295224,60.78874365,79.19112257,96.02478478,97.95222358,59.69833003,29.81837946,75.37656754,84.67179951,95.88633173,84.63935264,74.28772348,55.74143582,61.68121888,77.27943643,84.01248838,90.4065018,85.53726015,19.73577822,82.45908308,77.68991262,71.03913445,90.78266373,77.88839656,58.8559095,61.72480824,68.3747333,85.14388337,24.99464716,68.09498399,30.88987482,84.63935264,70.97001368,36.38997723,46.84536334,91.20539544,90.40021828,74.3553246,73.70721801,75.64837094,82.36926694,65.34468841,73.45303956,59.39840122,84.76147246,88.45408448,77.28770388,66.59964499,55.99284147,8.569394991,78.85013155,88.82575907,87.65584857
2019,29.20021633,96.5617875,77.13908234,30.5548816,55.71612102,70.6092708,66.06620764,85.46935998,82.76068805,90.47346115,103.3641536,82.89585334,94.39791057,78.27890889,44.62028951,79.26100795,51.87772301,85.85957502,64.49612251,80.37930571,61.77525232,79.05187306,74.09549601,89.30016636,77.17391293,80.41655007,85.53286748,81.1453791,87.15426518,74.86660417,85.70650232,78.45546383,70.59144341,80.06609183,71.22543812,88.04643134,92.07428087,94.84840219,70.11479792,60.83421183,79.35541193,67.22798391,76.71788081,61.84805705,83.65232818,77.00495766,82.95810294,73.98658548,86.84171004,67.93090609,25.10330533,77.65049894,46.26607014,77.50414528,70.72094007,76.64504083,68.37278039,25.93789456,80.93613038,83.20389657,82.11586819,81.51248301,85.88331424,79.8634701,69.73344604,88.47435793,49.9542665,84.86930507,69.75507566,85.37624834,75.44386883,89.07797243,104.7428191,75.37236757,83.58284383,81.74224118,73.80282028,47.00359431,69.18197402,64.1509448,78.52334462,79.51682311,60.7250753,82.78387825,77.9553236,87.43822327,73.09897655,62.35425345,64.10259848,70.08463688,60.92043968,65.4861903,74.18940799,27.38409038,81.80497444,24.30977363,15.52652761,89.45088673,87.6986452,69.39742507,82.30475224,22.83969929,74.67930907,83.03559647,94.09382371,59.2130012,87.74672256,73.85988764,56.80702994,68.8717025,95.84012054,32.0304922,89.66375749,52.10663409,90.13105359,68.98630245,75.64592654,79.38809442,45.52238891,47.80125002,64.07082211,79.70957237,77.8412875,84.59151463,83.86304504,81.67179463,84.35239836,30.78129504,84.59495565,93.87547927,49.18439877,29.85272762,58.07109577,62.52726092,67.89600315,71.34575104,71.77622699,60.74103163,24.87942775,75.15723331,77.92958004,98.31154722,44.75947902,63.24066294,90.18900825,66.3092616,83.23820223,88.02083321,84.17370447,72.67510946,76.86945703,58.74572193,84.75793633,89.7496641,97.44201898,86.99382631,76.75902997,43.02117086,74.01047409,26.47202531,68.67802015,82.75296175,64.33748257,97.54149615,73.74809916,80.61415744,67.6507317,83.29558382,84.87668712,70.57300982,25.93068057,71.76345503,80.62242392,78.20723657,59.77205373,69.72476668,78.15006399,100.8293299,31.10003621,28.17961516,43.10673961,61.22733361,79.05759389,95.97895696,98.74699697,59.91020325,30.07854846,76.03934913,84.72296452,96.31993603,84.69259726,74.39679178,56.17916601,61.60574929,77.50962062,84.88612591,90.38404931,85.94412912,19.78760638,82.8264563,77.56695577,71.00221815,91.56763751,78.07436724,58.06965235,61.55019093,69.08342859,85.17753409,24.8679927,68.03000359,31.10003621,84.69259726,70.95906325,36.11433554,47.49168337,91.36666054,91.21014283,74.4559148,73.69895782,75.75467802,82.75258981,65.11131684,73.69441297,56.03045175,84.81012791,88.50085554,77.33384583,66.69032012,56.06197402,8.550396396,78.83942599,89.3401,87.86413174
